X,Y,OBJECTID_1,AGE,RACE,SEX,TYPE,DATE_,UNIT,ACTION,STATUS,LONG_,LAT
-75.229306999618785,39.89472800010121,1,51,Black,Female,ABUSE OF AUTHORITY,2011-02-08T00:00:00.000Z,Airport,Reject,Closed,-75.229307,39.894728
-75.229306999618785,39.89472800010121,2,45,Black,Male,ABUSE OF AUTHORITY,2011-05-25T00:00:00.000Z,Airport,Accept,Closed,-75.229307,39.894728
-75.233510000086866,39.970535000294056,3,38,Black,Female,ABUSE OF AUTHORITY,2011-05-12T00:00:00.000Z,DET,Accept,Open,-75.23351,39.970535
-75.158592000420967,39.950635999955495,4,33,Black,Female,NOT CLASSIFIED,2010-05-03T00:00:00.000Z,UNKNOWN,REJECT,Closed,-75.158592,39.950636
-75.197687000155369,40.015848999935457,5,43,Black,Female,ABUSE OF AUTHORITY,2011-01-06T00:00:00.000Z,UNKNOWN,REJECT,Closed,-75.197687,40.015849
-75.160347000414191,40.065700000158962,6,27,Black,Male,DRUG INVESTIGATIONS,2011-05-03T00:00:00.000Z,UNKNOWN,Reject,Closed,-75.160347,40.0657
-75.153428999748954,40.031046000176808,7,49,Black,Male,LACK OF SERVICE,2011-05-24T00:00:00.000Z,UNKNOWN,Reject,Closed,-75.153429,40.031046
-75.128599000443984,40.001901999781538,8,44,Hispanic,Female,PHYSICAL ABUSE,2011-07-15T00:00:00.000Z,UNKNOWN,Accept,Open,-75.128599,40.001902
-75.116328000237488,39.989787999620518,9,35,Black,Female,POLICE SHOOTINGS,2011-08-10T00:00:00.000Z,UNKNOWN,Accept,Open,-75.116328,39.989788
-75.241576999779156,39.92661300009398,10,50,Black,Female,ABUSE OF AUTHORITY,2011-12-16T00:00:00.000Z,UNKNOWN,NoJurisdiction,Closed,-75.241577,39.926613
-75.241576999779156,39.92661300009398,11,50,Black,Female,ABUSE OF AUTHORITY,2011-12-16T00:00:00.000Z,UNKNOWN,NoJurisdiction,Closed,-75.241577,39.926613
-75.043700000055395,40.084558000155639,12,56,White,Female,ABUSE OF AUTHORITY,2012-09-25T00:00:00.000Z,UNKNOWN,AUDIT,Open,-75.0437,40.084558
-75.186889999574277,39.924038000057706,13,18,Black,Male,ABUSE OF AUTHORITY,2009-03-16T00:00:00.000Z,District 1,REJECT,Closed,-75.18689,39.924038
-75.172286999745722,39.914296999610904,14,19,White,Male,ABUSE OF AUTHORITY,2009-05-06T00:00:00.000Z,District 1,REJECT,Closed,-75.172287,39.914297
-75.179077999950181,39.921601000090142,15,30,White,Female,ABUSE OF AUTHORITY,2009-05-26T00:00:00.000Z,District 1,AUDIT,Closed,-75.179078,39.921601
-75.186889999574277,39.924038000057706,16,33,Black,Male,ABUSE OF AUTHORITY,2009-06-01T00:00:00.000Z,District 1,REJECT,Closed,-75.18689,39.924038
-75.183298000302926,39.924888999731614,17,30,White,Male,LACK OF SERVICE,2009-06-01T00:00:00.000Z,District 1,AUDIT,Closed,-75.183298,39.924889
-75.178976999789157,39.928476999717823,18,47,White,Female,ABUSE OF AUTHORITY,2009-07-06T00:00:00.000Z,District 1,REJECT,Closed,-75.178977,39.928477
-75.1705709997523,39.923171999692066,19,53,Black,Male,PHYSICAL ABUSE,2010-02-01T00:00:00.000Z,District 1,ACCEPT,Open,-75.170571,39.923172
-75.186979000081209,39.921922999650782,20,63,Black,Female,PHYSICAL ABUSE,2010-03-31T00:00:00.000Z,District 1,AUDIT,Closed,-75.186979,39.921923
-75.182771000281861,39.926020999773392,21,41,Black,Male,ABUSE OF AUTHORITY,2010-06-03T00:00:00.000Z,District 1,AUDIT,Closed,-75.182771,39.926021
-75.174633000013372,39.917140000314859,22,29,Black,Female,ABUSE OF AUTHORITY,2010-06-15T00:00:00.000Z,District 1,NAR,Closed,-75.174633,39.91714
-75.18608100003857,39.918659000216763,23,48,White,Female,ABUSE OF AUTHORITY,2010-06-23T00:00:00.000Z,District 1,WITHDRAWN,Closed,-75.186081,39.918659
-75.191007999719858,39.927117999999759,24,52,Black,Female,VERBAL ABUSE,2010-08-09T00:00:00.000Z,District 1,REJECT,Closed,-75.191008,39.927118
-75.174601000336366,39.917177000222438,25,31,Black,Male,ABUSE OF AUTHORITY,2010-12-02T00:00:00.000Z,District 1,ACCEPT,Closed,-75.174601,39.917177
-75.179912999785557,39.926913999585508,26,58,Black,Female,NOT CLASSIFIED,2011-09-02T00:00:00.000Z,District 1, , ,-75.179913,39.926914
-75.16658200015965,39.907111000076654,27,53,White,Female,PHYSICAL ABUSE,2011-09-12T00:00:00.000Z,District 1,Reject,Closed,-75.166582,39.907111
-75.173758000132054,39.92110399965393,28,46,White,Male,ABUSE OF AUTHORITY,2012-07-12T00:00:00.000Z,District 1,AUDIT,OPEN,-75.173758,39.921104
-75.183593999563897,39.924925999639242,29,54,Black,Female,ABUSE OF AUTHORITY,2012-09-28T00:00:00.000Z,District 1,AUDIT,Open,-75.183594,39.924926
-75.228860999735815,39.924724000216507,30,24,Black,Male,ABUSE OF AUTHORITY,2009-01-23T00:00:00.000Z,District 12,ACCEPT,Open,-75.228861,39.924724
-75.228860999735815,39.924724000216507,31,21,Black,Male,ABUSE OF AUTHORITY,2009-01-23T00:00:00.000Z,District 12,ACCEPT,Open,-75.228861,39.924724
-75.217121999780929,39.932238999634166,32,58,Black,Male,ABUSE OF AUTHORITY,2009-01-23T00:00:00.000Z,District 12,REJECT,Closed,-75.217122,39.932239
-75.233604999971234,39.947351999599128,33,35,Black,Female,ABUSE OF AUTHORITY,2009-01-29T00:00:00.000Z,District 12,ACCEPT,Open,-75.233605,39.947352
-75.233828000362379,39.930041999942382,34,62,Black,Male,NONJURISDICTIONAL,2009-03-31T00:00:00.000Z,District 12,REJECT,Closed,-75.233828,39.930042
-75.229122000080707,39.925202999822631,35,46,Black,Male,PHYSICAL ABUSE,2009-03-31T00:00:00.000Z,District 12,ACCEPT,Open,-75.229122,39.925203
-75.232152999561762,39.954262999941569,36,18,Black,Male,ABUSE OF AUTHORITY,2009-04-17T00:00:00.000Z,District 12,REJECT,Closed,-75.232153,39.954263
-75.227693999878667,39.921835000089274,37,39,Black,Female,ABUSE OF AUTHORITY,2009-04-21T00:00:00.000Z,District 12,ACCEPT,Open,-75.227694,39.921835
-75.245761000270406,39.910956000223329,38,39,Black,Female,ABUSE OF AUTHORITY,2009-04-30T00:00:00.000Z,District 12,ACCEPT,Open,-75.245761,39.910956
-75.24495600001984,39.900375999756612,39,57,Black,Female,ABUSE OF AUTHORITY,2009-04-30T00:00:00.000Z,District 12,REJECT,Closed,-75.244956,39.900376
-75.230293000122344,39.9324660002098,40,37,Black,Male,ABUSE OF AUTHORITY,2009-05-11T00:00:00.000Z,District 12,ACCEPT,Open,-75.230293,39.932466
-75.230293000122344,39.9324660002098,41,25,Black,Male,ABUSE OF AUTHORITY,2009-05-11T00:00:00.000Z,District 12,ACCEPT,Open,-75.230293,39.932466
-75.231144999842314,39.933246000206829,42,43,Black,Male,PHYSICAL ABUSE,2009-06-09T00:00:00.000Z,District 12,AUDIT,Closed,-75.231145,39.933246
-75.221770000085868,39.94182800026605,43,29,Black,Female,ABUSE OF AUTHORITY,2009-06-16T00:00:00.000Z,District 12,REJECT,Closed,-75.22177,39.941828
-75.221863999924125,39.938393000140898,44,40,Black,Male,ABUSE OF AUTHORITY,2009-06-22T00:00:00.000Z,District 12,AUDIT,Closed,-75.221864,39.938393
-75.22045599974507,39.938733999678441,45,20,Black,Female,ABUSE OF AUTHORITY,2009-06-22T00:00:00.000Z,District 12,REJECT,Closed,-75.220456,39.938734
-75.22136800043333,39.942628000286035,46,39,Black,Male,ABUSE OF AUTHORITY,2009-07-01T00:00:00.000Z,District 12,ACCEPT,Open,-75.221368,39.942628
-75.235035000265484,39.941475000175203,47,36,Black,Female,PHYSICAL ABUSE,2009-07-03T00:00:00.000Z,District 12,ACCEPT,Open,-75.235035,39.941475
-75.222362999553226,39.938747000277907,48,67,Black,Female,PHYSICAL ABUSE,2010-05-17T00:00:00.000Z,District 12,ACCEPT,Open,-75.222363,39.938747
-75.233016999835158,39.939652999790155,49,25,Black,Male,PHYSICAL ABUSE,2010-05-24T00:00:00.000Z,District 12,ACCEPT,Open,-75.233017,39.939653
-75.139298000103096,39.973769000143264,50,48,Hispanic,Male,ABUSE OF AUTHORITY,2010-07-07T00:00:00.000Z,District 12,REJECT,Closed,-75.139298,39.973769
-75.220221999745917,39.943415999752659,51,18,Black,Female,ABUSE OF AUTHORITY,2010-09-03T00:00:00.000Z,District 12,REJECT,Closed,-75.220222,39.943416
-75.227187999926741,39.922307000271893,52,33,Black,Female,PHYSICAL ABUSE,2010-09-21T00:00:00.000Z,District 12,AUDIT,Open,-75.227188,39.922307
-75.246309000360526,39.917177000222438,53,23,Black,Male,PHYSICAL ABUSE,2010-09-22T00:00:00.000Z,District 12,ACCEPT,Open,-75.246309,39.917177
-75.241427000056461,39.920517999610041,54,33,Black,Male,ABUSE OF AUTHORITY,2010-11-15T00:00:00.000Z,District 12,ACCEPT,Closed,-75.241427,39.920518
-75.22209399973876,39.936804999754955,55,51,Black,Female,PHYSICAL ABUSE,2010-12-14T00:00:00.000Z,District 12,REJECT,Closed,-75.222094,39.936805
-75.244249999838061,39.920550000186395,56,56,Black,Male,ABUSE OF AUTHORITY,2011-01-19T00:00:00.000Z,District 12,REJECT,Closed,-75.24425,39.92055
-75.230586000144271,39.931542999913553,57,50,Black,Female,ABUSE OF AUTHORITY,2011-03-14T00:00:00.000Z,District 12,Audit,Closed,-75.230586,39.931543
-75.233880000062413,39.925842999658784,58,24,Black,Male,ABUSE OF AUTHORITY,2011-03-14T00:00:00.000Z,District 12,Reject,Closed,-75.23388,39.925843
-75.229125000219071,39.933284000160498,59,51,Black,Female,PHYSICAL ABUSE,2011-03-25T00:00:00.000Z,District 12,Reject,Closed,-75.229125,39.933284
-75.23745400030235,39.928221999649665,60,47,Black,Female,PHYSICAL ABUSE,2011-07-08T00:00:00.000Z,District 12,Accept,Closed,-75.237454,39.928222
-75.23745400030235,39.928221999649665,61,24,Black,Female,PHYSICAL ABUSE,2011-07-14T00:00:00.000Z,District 12,Accept,Closed,-75.237454,39.928222
-75.23488899982793,39.927927000434778,62,38,Black,Female,PHYSICAL ABUSE,2011-09-19T00:00:00.000Z,District 12,Accept,Open,-75.234889,39.927927
-75.233101000111546,39.926452999910069,63,20,Black,Male,ABUSE OF AUTHORITY,2011-09-19T00:00:00.000Z,District 12,Reject,Closed,-75.233101,39.926453
-75.233101000111546,39.926452999910069,64,20,Black,Female,ABUSE OF AUTHORITY,2011-09-20T00:00:00.000Z,District 12,NAR,Closed,-75.233101,39.926453
-75.234328000037621,39.925573999844246,65,21,Black,Female,ABUSE OF AUTHORITY,2011-10-21T00:00:00.000Z,District 12,Audit,Open,-75.234328,39.925574
-75.242834000189404,39.911273000452674,66,33,Black,Male,VERBAL ABUSE,2012-02-02T00:00:00.000Z,District 12,ACCEPT,OPEN,-75.242834,39.911273
-75.234328000037621,39.925573999844246,67,26,Black,Male,PHYSICAL ABUSE,2012-02-23T00:00:00.000Z,District 12,AUDIT,Open,-75.234328,39.925574
-75.22925499991878,39.931775999866574,68,49,Black,Female,PHYSICAL ABUSE,2012-02-23T00:00:00.000Z,District 12,REJECT,Closed,-75.229255,39.931776
-75.219671000416767,39.930451999963886,69,49,Black,Male,ABUSE OF AUTHORITY,2012-02-29T00:00:00.000Z,District 12,WITHDRAWN,CLOSED,-75.219671,39.930452
-75.208701999997785,39.918299999849161,70,39,Black,Male,THEFT,2012-07-18T00:00:00.000Z,District 12,ACCEPT,Open,-75.208702,39.9183
-75.221305000226039,39.925157000399302,71,47,Black,Male,ABUSE OF AUTHORITY,2012-09-18T00:00:00.000Z,District 12,ACCEPT,Open,-75.221305,39.925157
-75.155609999602262,40.070193999657384,72,44,Black,Female,ABUSE OF AUTHORITY,2009-03-03T00:00:00.000Z,District 14,REJECT,Closed,-75.15561,40.070194
-75.151722000170622,40.060306999672349,73,51,Black,Male,ABUSE OF AUTHORITY,2009-03-26T00:00:00.000Z,District 14,REJECT,Closed,-75.151722,40.060307
-75.152334999660965,40.062977999639038,74,42,Black,Male,ABUSE OF AUTHORITY,2009-05-15T00:00:00.000Z,District 14,REJECT,Closed,-75.152335,40.062978
-75.172794999789829,40.043348000014262,75,45,Black,Female,ABUSE OF AUTHORITY,2009-05-20T00:00:00.000Z,District 14,REJECT,Closed,-75.172795,40.043348
-75.150965000334949,40.065507000251905,76,29,Black,Female,ABUSE OF AUTHORITY,2009-06-16T00:00:00.000Z,District 14,AUDIT,Closed,-75.150965,40.065507
-75.160692000136152,40.065208999999371,77,0, , ,NO MISCONDUCT,2009-06-18T00:00:00.000Z,District 14,REJECT,Closed,-75.160692,40.065209
-75.177670999817266,40.037824999827947,78,54,Black,Female,PHYSICAL ABUSE,2009-11-16T00:00:00.000Z,District 14,ACCEPT,Open,-75.177671,40.037825
-75.141842999655154,40.059949000250214,79,41,Black,Male,ABUSE OF AUTHORITY,2010-01-06T00:00:00.000Z,District 14,AUDIT,Open,-75.141843,40.059949
-75.16312399987315,40.060733000431654,80,43,Black,Female,ABUSE OF AUTHORITY,2010-02-05T00:00:00.000Z,District 14,REJECT,Closed,-75.163124,40.060733
-75.174275999738057,40.079108999784559,81,46,Black,Male,ABUSE OF AUTHORITY,2010-06-11T00:00:00.000Z,District 14,ACCEPT,Closed,-75.174276,40.079109
-75.167048000065591,40.060510000040516,82,30,Asian,Male,NOT CLASSIFIED,2010-08-02T00:00:00.000Z,District 14,ACCEPT,Closed,-75.167048,40.06051
-75.168493000152253,40.075675999751681,83,50,Black,Male,ABUSE OF AUTHORITY,2010-09-09T00:00:00.000Z,District 14,NON-JURISDICTIONAL,Closed,-75.168493,40.075676
-75.174945000012173,40.065549000390114,84,81,Black,Male,PHYSICAL ABUSE,2010-09-21T00:00:00.000Z,District 14,REJECT,Closed,-75.174945,40.065549
-75.165946999654793,40.046241000325963,85,31,Black,Male,PHYSICAL ABUSE,2011-02-07T00:00:00.000Z,District 14,ACCEPT,Open,-75.165947,40.046241
-75.174572999944431,40.029245999907047,86,51,Black,Male,ABUSE OF AUTHORITY,2011-03-24T00:00:00.000Z,District 14,Reject,Closed,-75.174573,40.029246
-75.15351400007151,40.064286999749285,87,19,Black,Female,ABUSE OF AUTHORITY,2011-06-22T00:00:00.000Z,District 14,Accept,Open,-75.153514,40.064287
-75.184562000136651,40.056568999963432,88,41,Black,Female,ABUSE OF AUTHORITY,2011-08-30T00:00:00.000Z,District 14,Reject,Open,-75.184562,40.056569
-75.176519999798614,40.076783000439171,89,37,Black,Male,ABUSE OF AUTHORITY,2012-07-24T00:00:00.000Z,District 14,REJECT,Closed,-75.17652,40.076783
-75.080915000327451,40.019702000451019,90,30,Black,Male,ABUSE OF AUTHORITY,2009-01-21T00:00:00.000Z,District 15,ACCEPT,Open,-75.080915,40.019702
-75.048833000243206,40.037713000058986,91,28,White,Male,PHYSICAL ABUSE,2009-03-04T00:00:00.000Z,District 15,ACCEPT,Open,-75.048833,40.037713
-75.03837500000671,40.037620000266855,92,24,White,Female,PHYSICAL ABUSE,2009-03-09T00:00:00.000Z,District 15,ACCEPT,Open,-75.038375,40.03762
-75.042527999967675,40.023262000045328,93,48,White,Female,ABUSE OF AUTHORITY,2009-03-31T00:00:00.000Z,District 15,REJECT,Closed,-75.042528,40.023262
-75.081226000280097,40.024310999856773,94,18,Black,Male,ABUSE OF AUTHORITY,2009-05-12T00:00:00.000Z,District 15,ACCEPT,Open,-75.081226,40.024311
-75.05963600020165,40.024926000338702,95,48,Hispanic,Female,ABUSE OF AUTHORITY,2009-06-05T00:00:00.000Z,District 15,REJECT,Closed,-75.059636,40.024926
-75.087177999565455,40.015793000050984,96,43,Black,Female,ABUSE OF AUTHORITY,2009-06-17T00:00:00.000Z,District 15,ACCEPT,Open,-75.087178,40.015793
-75.088343000229742,40.021138000122647,97,34,Black,Female,ABUSE OF AUTHORITY,2009-07-29T00:00:00.000Z,District 15,AUDIT,Open,-75.088343,40.021138
-75.08895899985842,40.027497000190515,98,52,Black,Female,LACK OF SERVICE,2010-03-23T00:00:00.000Z,District 15,AUDIT,Closed,-75.088959,40.027497
-75.05884899988186,40.023842999858594,99,42,Black,Female,ABUSE OF AUTHORITY,2010-03-26T00:00:00.000Z,District 15,REJECT,Closed,-75.058849,40.023843
-75.070916999720183,40.012443000248318,100,49,Black,Male,PHYSICAL ABUSE,2010-04-28T00:00:00.000Z,District 15,ACCEPT,Open,-75.070917,40.012443
-75.070916999720183,40.012443000248318,101,45,White,Female,PHYSICAL ABUSE,2010-04-28T00:00:00.000Z,District 15,ACCEPT,Open,-75.070917,40.012443
-75.070916999720183,40.012443000248318,102,22,Black,Male,PHYSICAL ABUSE,2010-04-28T00:00:00.000Z,District 15,ACCEPT,Closed,-75.070917,40.012443
-75.070916999720183,40.012443000248318,103,34,Black,Male,PHYSICAL ABUSE,2010-04-28T00:00:00.000Z,District 15,ACCEPT,Closed,-75.070917,40.012443
-75.076518999952341,40.016549999886635,104,31,Black,Female,ABUSE OF AUTHORITY,2010-05-13T00:00:00.000Z,District 15,AUDIT,Closed,-75.076519,40.01655
-75.05884899988186,40.023842999858594,105,70,Black,Female,ABUSE OF AUTHORITY,2010-05-21T00:00:00.000Z,District 15,AUDIT,Open,-75.058849,40.023843
-75.046212999930418,40.031504999760003,106,57,White,Male,ABUSE OF AUTHORITY,2010-06-08T00:00:00.000Z,District 15,REJECT,Closed,-75.046213,40.031505
-75.027465999656584,40.033290000237379,107,35,Hispanic,Male,VERBAL ABUSE,2010-07-16T00:00:00.000Z,District 15,ACCEPT,Open,-75.027466,40.03329
-75.07329599971105,40.012544999556148,108,36,Black,Female,LACK OF SERVICE,2010-08-03T00:00:00.000Z,District 15,ACCEPT,Closed,-75.073296,40.012545
-75.031103000103798,40.034381000187103,109,58,White,Female,ABUSE OF AUTHORITY,2010-08-09T00:00:00.000Z,District 15,NAR,Closed,-75.031103,40.034381
-75.079855000008678,39.996793999847256,110,50,White,Male,PHYSICAL ABUSE,2010-08-12T00:00:00.000Z,District 15,ACCEPT,Open,-75.079855,39.996794
-75.047408000179502,40.040437999817875,111,42,Black,Female,PHYSICAL ABUSE,2010-09-29T00:00:00.000Z,District 15,AUDIT,Open,-75.047408,40.040438
-75.106133000438064,40.029292000229667,112,43,Black,Male,ABUSE OF AUTHORITY,2010-10-08T00:00:00.000Z,District 15,AUDIT,Open,-75.106133,40.029292
-75.045298000003143,40.02418000011096,113,49,Black,Male,NOT CLASSIFIED,2010-10-21T00:00:00.000Z,District 15,ACCEPT,Open,-75.045298,40.02418
-75.082662999997893,40.009995999819623,114,38,Black,Female,PHYSICAL ABUSE,2010-10-29T00:00:00.000Z,District 15,ACCEPT, ,-75.082663,40.009996
-75.082662999997893,40.009995999819623,115,50,Black,Male,PHYSICAL ABUSE,2010-10-29T00:00:00.000Z,District 15,ACCEPT, ,-75.082663,40.009996
-75.063190000418629,40.031567999967294,116,21,White,Male,PHYSICAL ABUSE,2010-11-03T00:00:00.000Z,District 15,ACCEPT,Closed,-75.06319,40.031568
-75.064705000136115,40.025612999644267,117,42,Black,Male,ABUSE OF AUTHORITY,2010-12-07T00:00:00.000Z,District 15,REJECT,Closed,-75.064705,40.025613
-75.081340000141338,40.022395999679667,118,39,Black,Female,ABUSE OF AUTHORITY,2011-02-01T00:00:00.000Z,District 15,ACCEPT,Open,-75.08134,40.022396
-75.077282000064685,40.00749000026736,119,33,White,Male,ABUSE OF AUTHORITY,2011-02-07T00:00:00.000Z,District 15,REJECT,Closed,-75.077282,40.00749
-75.078164000268842,40.022362999956513,120,40,Black,Female,PHYSICAL ABUSE,2011-02-07T00:00:00.000Z,District 15,ACCEPT,Open,-75.078164,40.022363
-75.055873000239174,40.020831000354455,121,52,White,Female,PHYSICAL ABUSE,2011-06-06T00:00:00.000Z,District 15,Reject,Closed,-75.055873,40.020831
-75.079545000102101,40.010765000208629,122,61,Black,Male,ABUSE OF AUTHORITY,2011-08-02T00:00:00.000Z,District 15,Reject,Closed,-75.079545,40.010765
-75.063190000418629,40.031567999967294,123,47,Black,Male,ABUSE OF AUTHORITY,2012-04-23T00:00:00.000Z,District 15,REJECT,Closed,-75.06319,40.031568
-75.075125999565643,40.029070999930788,124,39,Black,Male,PHYSICAL ABUSE,2012-08-09T00:00:00.000Z,District 15,REJECT,Closed,-75.075126,40.029071
-75.031560999640845,40.039961000303968,125,39,Black,Male,ABUSE OF AUTHORITY,2012-08-27T00:00:00.000Z,District 15,AUDIT,Open,-75.031561,40.039961
-75.082945999558689,40.029916000227296,126,48,Black,Female,ABUSE OF AUTHORITY,2012-12-20T00:00:00.000Z,District 15,AUDIT,Open,-75.082946,40.029916
-75.206776000212685,39.968103999703857,127,50,Black,Female,ABUSE OF AUTHORITY,2009-02-02T00:00:00.000Z,District 16,AUDIT,Closed,-75.206776,39.968104
-75.233161000180459,39.973541999567679,128,60,Black,Female,POLICE SHOOTINGS,2009-04-15T00:00:00.000Z,District 16,ACCEPT,Open,-75.233161,39.973542
-75.199241999918826,39.973234999799452,129,33,Black,Female,ABUSE OF AUTHORITY,2009-06-12T00:00:00.000Z,District 16,REJECT,Closed,-75.199242,39.973235
-75.203578000224951,39.964435999625728,130,50,Black,Male,PHYSICAL ABUSE,2009-06-17T00:00:00.000Z,District 16,ACCEPT,Open,-75.203578,39.964436
-75.22095100008903,39.967554000420847,131,44,White,Female,LACK OF SERVICE,2009-06-22T00:00:00.000Z,District 16,REJECT,Closed,-75.220951,39.967554
-75.22095100008903,39.967554000420847,132,33,Black,Male,ABUSE OF AUTHORITY,2009-06-24T00:00:00.000Z,District 16,ACCEPT,Open,-75.220951,39.967554
-75.200136999823116,39.961963999842766,133,33,Black,Female,ABUSE OF AUTHORITY,2009-07-13T00:00:00.000Z,District 16,REJECT,Closed,-75.200137,39.961964
-75.220304999976236,39.965912000242696,134,24,Black,Female,PHYSICAL ABUSE,2009-08-31T00:00:00.000Z,District 16,ACCEPT,Open,-75.220305,39.965912
-75.183335000210533,39.95482000044673,135,48,White,Female,NO MISCONDUCT,2009-10-01T00:00:00.000Z,District 16,REJECT,Closed,-75.183335,39.95482
-75.20646800039836,39.960011999758066,136,76,Black,Male,ABUSE OF AUTHORITY,2009-10-28T00:00:00.000Z,District 16,REJECT,Closed,-75.206468,39.960012
-75.216836000081756,39.962711000116599,137,50,Black,Male,ABUSE OF AUTHORITY,2010-07-06T00:00:00.000Z,District 16,REJECT,Closed,-75.216836,39.962711
-75.203587999786777,39.959053999646443,138,33,Black,Male,ABUSE OF AUTHORITY,2010-11-29T00:00:00.000Z,District 16,ACCEPT,Closed,-75.203588,39.959054
-75.202641000182467,39.9719390002887,139,42,Black,Female,ABUSE OF AUTHORITY,2011-11-07T00:00:00.000Z,District 16,NAR,Closed,-75.202641,39.971939
-75.12710299980408,39.971352000198721,140,29,Black,Female,PHYSICAL ABUSE,2012-01-20T00:00:00.000Z,District 16,ACCEPT,CLOSED,-75.127103,39.971352
-75.205879000216143,39.97705699978475,141,18,White,Female,ABUSE OF AUTHORITY,2012-08-21T00:00:00.000Z,District 16,ACCEPT,Open,-75.205879,39.977057
-75.169550000332691,39.940433999833274,142,25,Black,Male,ABUSE OF AUTHORITY,2009-01-15T00:00:00.000Z,District 17,ACCEPT,Open,-75.16955,39.940434
-75.163376999849135,39.936479000009875,143,41,Black,Male,ABUSE OF AUTHORITY,2009-01-27T00:00:00.000Z,District 17,REJECT,Closed,-75.163377,39.936479
-75.179608000109539,39.934427999856339,144,44,Black,Female,ABUSE OF AUTHORITY,2009-02-17T00:00:00.000Z,District 17,ACCEPT,Open,-75.179608,39.934428
-75.132132999738602,40.038246000356665,145,17,Black,Male,ABUSE OF AUTHORITY,2009-04-06T00:00:00.000Z,District 17,ACCEPT,Open,-75.132133,40.038246
-75.171630000024933,39.930895999754654,146,17,Black,Male,PHYSICAL ABUSE,2009-04-09T00:00:00.000Z,District 17,ACCEPT,Open,-75.17163,39.930896
-75.183455000348403,39.932382999979545,147,44,Black,Male,ABUSE OF AUTHORITY,2009-04-09T00:00:00.000Z,District 17,ACCEPT,Open,-75.183455,39.932383
-75.17879600043554,39.93312199988447,148,42,Black,Female,ABUSE OF AUTHORITY,2009-05-29T00:00:00.000Z,District 17,ACCEPT,Open,-75.178796,39.933122
-75.178824999974253,39.931792999751188,149,49,Black,Male,PHYSICAL ABUSE,2009-06-05T00:00:00.000Z,District 17,REJECT,Closed,-75.178825,39.931793
-75.173728999694021,39.928662000155242,150,45,Black,Male,PHYSICAL ABUSE,2009-07-17T00:00:00.000Z,District 17,ACCEPT,Open,-75.173729,39.928662
-75.227343999926092,39.976264000087575,151,47,Black,Female,PHYSICAL ABUSE,2009-09-10T00:00:00.000Z,District 17,ACCEPT,Open,-75.227344,39.976264
-75.179326999741676,39.936365000148719,152,30,Black,Female,ABUSE OF AUTHORITY,2010-04-19T00:00:00.000Z,District 17,AUDIT,Open,-75.179327,39.936365
-75.179555000363436,39.933178999815048,153,28,Black,Male,PHYSICAL ABUSE,2010-07-30T00:00:00.000Z,District 17,REJECT,Closed,-75.179555,39.933179
-75.184184999838322,39.935034999969346,154,0,Black,Male,ABUSE OF AUTHORITY,2011-03-02T00:00:00.000Z,District 17,Reject,Closed,-75.184185,39.935035
-75.180948999896856,39.934573000247795,155,43,Black,Male,ABUSE OF AUTHORITY,2011-03-23T00:00:00.000Z,District 17,Reject,Closed,-75.180949,39.934573
-75.176761000120493,39.929847999989271,156,43,Black,Female,ABUSE OF AUTHORITY,2011-04-28T00:00:00.000Z,District 17,Audit,Closed,-75.176761,39.929848
-75.198182999646164,39.939607000366784,157,25,Black,Male,ABUSE OF AUTHORITY,2011-05-01T00:00:00.000Z,District 17,REJECT,Closed,-75.198183,39.939607
-75.171229000418492,39.932967999977244,158,53,Black,Female,ABUSE OF AUTHORITY,2011-06-09T00:00:00.000Z,District 17,Audit,Closed,-75.171229,39.932968
-75.192957999712377,39.929548999690638,159,40,Black,Female,ABUSE OF AUTHORITY,2011-08-19T00:00:00.000Z,District 17,Audit,Closed,-75.192958,39.929549
-75.175845000147064,39.941222000199176,160,24,White,Male,ABUSE OF AUTHORITY,2011-09-06T00:00:00.000Z,District 17,Accept,Closed,-75.175845,39.941222
-75.167823999878166,39.944939999885122,161,54,Black,Female,PHYSICAL ABUSE,2012-08-16T00:00:00.000Z,District 17,ACCEPT,Open,-75.167824,39.94494
-75.167823999878166,39.944939999885122,162,0,Black,Male,PHYSICAL ABUSE,2012-08-21T00:00:00.000Z,District 17,ACCEPT,Open,-75.167824,39.94494
-75.208089999654234,39.943797000235413,163,31,Black,Female,ABUSE OF AUTHORITY,2009-01-06T00:00:00.000Z,District 18,AUDIT,Closed,-75.20809,39.943797
-75.240777999805317,39.952193999857251,164,37,Black,Female,LACK OF SERVICE,2009-03-17T00:00:00.000Z,District 18,AUDIT,Open,-75.240778,39.952194
-75.23932800038736,39.954568999663685,165,28,Black,Male,ABUSE OF AUTHORITY,2009-04-06T00:00:00.000Z,District 18,ACCEPT,Open,-75.239328,39.954569
-75.21813399968481,39.953614999736502,166,33,Black,Female,PHYSICAL ABUSE,2009-05-14T00:00:00.000Z,District 18,ACCEPT,Open,-75.218134,39.953615
-75.199623000401616,39.956862000185225,167,55,White,Male,PHYSICAL ABUSE,2009-05-18T00:00:00.000Z,District 18,ACCEPT,Open,-75.199623,39.956862
-75.232152999561762,39.954262999941569,168,37,Black,Female,PHYSICAL ABUSE,2009-05-19T00:00:00.000Z,District 18,REJECT,Closed,-75.232153,39.954263
-75.229968999570119,39.954481000102106,169,43,Black,Male,PHYSICAL ABUSE,2009-05-27T00:00:00.000Z,District 18,ACCEPT,Open,-75.229969,39.954481
-75.232152999561762,39.954262999941569,170,49,Black,Female,NO MISCONDUCT,2009-05-29T00:00:00.000Z,District 18,REJECT,Closed,-75.232153,39.954263
-75.241243999711259,39.961977999589095,171,40,Black,Male,NO MISCONDUCT,2009-06-01T00:00:00.000Z,District 18,REJECT,Closed,-75.241244,39.961978
-75.214345000321984,39.955528999867489,172,50,Black,Female,ABUSE OF AUTHORITY,2009-06-25T00:00:00.000Z,District 18,ACCEPT,Open,-75.214345,39.955529
-75.202589999629225,39.95411400026498,173,28,Black,Female,ABUSE OF AUTHORITY,2009-07-02T00:00:00.000Z,District 18,ACCEPT,Open,-75.20259,39.954114
-75.245182999696169,39.960172999988039,174,31,Black,Male,ABUSE OF AUTHORITY,2009-08-03T00:00:00.000Z,District 18,REJECT,Closed,-75.245183,39.960173
-75.24277700025884,39.96175199995885,175,31,Black,Female,ABUSE OF AUTHORITY,2009-08-11T00:00:00.000Z,District 18,REJECT,Closed,-75.242777,39.961752
-75.232152999561762,39.954262999941569,176,59,Black,Male,ABUSE OF AUTHORITY,2010-02-02T00:00:00.000Z,District 18,REJECT,Closed,-75.232153,39.954263
-75.214918999812468,39.949747000327825,177,31,White,Male,ABUSE OF AUTHORITY,2010-03-10T00:00:00.000Z,District 18,NAR,Closed,-75.214919,39.949747
-75.226539999721666,39.952001999996384,178,21,Black,Male,ABUSE OF AUTHORITY,2010-05-21T00:00:00.000Z,District 18,NAR,Closed,-75.22654,39.952002
-75.209838000223996,39.956344999726021,179,31,White,Male,ABUSE OF AUTHORITY,2010-09-23T00:00:00.000Z,District 18,NAR,Closed,-75.209838,39.956345
-75.22940499964146,39.937806000050905,180,30,Black,Female,ABUSE OF AUTHORITY,2010-10-14T00:00:00.000Z,District 18,ACCEPT,Open,-75.229405,39.937806
-75.231675000001687,39.956544999955867,181,50,Black,Male,ABUSE OF AUTHORITY,2010-10-28T00:00:00.000Z,District 18,REJECT,Closed,-75.231675,39.956545
-75.201955000023688,39.957149999976565,182,26,Black,Male,ABUSE OF AUTHORITY,2010-11-05T00:00:00.000Z,District 18,ACCEPT,Open,-75.201955,39.95715
-75.212920000258251,39.94906600039964,183,26,Black,Male,PHYSICAL ABUSE,2010-12-20T00:00:00.000Z,District 18,ACCEPT,Open,-75.21292,39.949066
-75.231776000162753,39.956323999656881,184,53,Black,Male,ABUSE OF AUTHORITY,2011-06-21T00:00:00.000Z,District 18,Reject,Closed,-75.231776,39.956324
-75.224867999958661,39.960007000426764,185,56,Black,Male,ABUSE OF AUTHORITY,2011-06-23T00:00:00.000Z,District 18, , ,-75.224868,39.960007
-75.208477000413694,39.944179999911164,186,34,Black,Male,ABUSE OF AUTHORITY,2011-07-05T00:00:00.000Z,District 18,Accept,Closed,-75.208477,39.94418
-75.239959999854577,39.946412000317615,187,15,Black,Male,PHYSICAL ABUSE,2011-11-02T00:00:00.000Z,District 18,Accept,Open,-75.23996,39.946412
-75.226815999858943,39.950989000046356,188,53,Black,Male,ABUSE OF AUTHORITY,2012-04-23T00:00:00.000Z,District 18,REJECT,Closed,-75.226816,39.950989
-75.230261999592059,39.952967999577545,189,28,Black,Female,ABUSE OF AUTHORITY,2012-08-28T00:00:00.000Z,District 18,AUDIT,Open,-75.230262,39.952968
-75.232359000068229,39.953276000291282,190,22,Black,Female,PHYSICAL ABUSE,2012-08-30T00:00:00.000Z,District 18,ACCEPT,Open,-75.232359,39.953276
-75.228583999552413,39.960505000009803,191,26,Black,Male,PHYSICAL ABUSE,2009-01-05T00:00:00.000Z,District 19,ACCEPT,Open,-75.228584,39.960505
-75.240025000154091,39.955770000189382,192,27,Black,Male,PHYSICAL ABUSE,2009-01-06T00:00:00.000Z,District 19,AUDIT,Closed,-75.240025,39.95577
-75.24353700023282,39.964985999808086,193,30,Black,Female,ABUSE OF AUTHORITY,2009-01-12T00:00:00.000Z,District 19,AUDIT,Closed,-75.243537,39.964986
-75.250197999838264,39.979458999936966,194,45,Black,Female,ABUSE OF AUTHORITY,2009-01-23T00:00:00.000Z,District 19,REJECT,Closed,-75.250198,39.979459
-75.243466999702704,39.968548000393959,195,34,Black,Male,ABUSE OF AUTHORITY,2009-01-27T00:00:00.000Z,District 19,REJECT,Closed,-75.243467,39.968548
-75.227943999716274,39.988462999671796,196,55,Black,Female,ABUSE OF AUTHORITY,2009-03-04T00:00:00.000Z,District 19,ACCEPT,Open,-75.227944,39.988463
-75.235193000357114,39.971282999714674,197,55,Black,Male,PHYSICAL ABUSE,2009-03-25T00:00:00.000Z,District 19,ACCEPT,Open,-75.235193,39.971283
-75.231240999772794,39.962808000093183,198,21,Black,Female,PHYSICAL ABUSE,2009-03-31T00:00:00.000Z,District 19,ACCEPT,Open,-75.231241,39.962808
-75.240916999920074,39.97089899999289,199,40,American Indian,Female,LACK OF SERVICE,2009-04-28T00:00:00.000Z,District 19,REJECT,Closed,-75.240917,39.970899
-75.239479000156209,39.968099000372632,200,27,Black,Male,PHYSICAL ABUSE,2009-06-02T00:00:00.000Z,District 19,ACCEPT,Open,-75.239479,39.968099
-75.228736000266679,39.971108999784498,201,26,Black,Male,ABUSE OF AUTHORITY,2009-06-02T00:00:00.000Z,District 19,ACCEPT,Open,-75.228736,39.971109
-75.226766000251175,39.977211999738046,202,41,Black,Male,ABUSE OF AUTHORITY,2009-07-01T00:00:00.000Z,District 19,ACCEPT,Open,-75.226766,39.977212
-75.227343999926092,39.976264000087575,203,20,Black,Male,ABUSE OF AUTHORITY,2009-09-10T00:00:00.000Z,District 19,REJECT,Closed,-75.227344,39.976264
-75.239923999993067,39.972048999965445,204,29,Black,Male,PHYSICAL ABUSE,2009-09-14T00:00:00.000Z,District 19,ACCEPT,Open,-75.239924,39.972049
-75.229771000331851,39.966129000357157,205,18,Black,Female,PHYSICAL ABUSE,2009-11-09T00:00:00.000Z,District 19,ACCEPT,Open,-75.229771,39.966129
-75.229771000331851,39.966129000357157,206,20,Black,Female,PHYSICAL ABUSE,2009-11-09T00:00:00.000Z,District 19,ACCEPT,Open,-75.229771,39.966129
-75.226612000343977,39.977450999967708,207,33,Black,Male,ABUSE OF AUTHORITY,2010-03-31T00:00:00.000Z,District 19,AUDIT,Closed,-75.226612,39.977451
-75.224590999775259,39.964897000200466,208,31,Black,Male,ABUSE OF AUTHORITY,2010-06-04T00:00:00.000Z,District 19,ACCEPT,Closed,-75.224591,39.964897
-75.226232999953453,39.963292999976005,209,41,Black,Male,PHYSICAL ABUSE,2010-08-11T00:00:00.000Z,District 19,AUDIT,Open,-75.226233,39.963293
-75.23318500038792,39.979749999866641,210,60,Black,Female,THEFT,2010-08-17T00:00:00.000Z,District 19,REJECT,Closed,-75.233185,39.97975
-75.263790999855217,39.97211100012661,211,59,Hispanic,Female,ABUSE OF AUTHORITY,2010-09-08T00:00:00.000Z,District 19,REJECT,Closed,-75.263791,39.972111
-75.221164000019002,40.003657999820874,212,22,Black,Male,PHYSICAL ABUSE,2010-09-30T00:00:00.000Z,District 19,ACCEPT,Open,-75.221164,40.003658
-75.221164000019002,40.003657999820874,213,22,Black,Male,PHYSICAL ABUSE,2010-09-30T00:00:00.000Z,District 19,ACCEPT,Open,-75.221164,40.003658
-75.236305000375893,39.969936999696827,214,22,Black,Male,PHYSICAL ABUSE,2010-11-04T00:00:00.000Z,District 19,ACCEPT,Open,-75.236305,39.969937
-75.254149000376501,39.979584000305415,215,31,Black,Female,ABUSE OF AUTHORITY,2010-11-10T00:00:00.000Z,District 19,AUDIT,Open,-75.254149,39.979584
-75.225816999655294,39.968116000257275,216,21,Black,Female,POLICE SHOOTINGS,2011-01-13T00:00:00.000Z,District 19,ACCEPT,Open,-75.225817,39.968116
-75.231280999818736,39.963051999654134,217,46,Black,Female,ABUSE OF AUTHORITY,2011-01-25T00:00:00.000Z,District 19,AUDIT, ,-75.231281,39.963052
-75.216221999646024,39.987730000043506,218,37,Black,Male,ABUSE OF AUTHORITY,2011-03-24T00:00:00.000Z,District 19,Reject,Closed,-75.216222,39.98773
-75.229263000287673,39.989655999828599,219,28,Black,Male,ABUSE OF AUTHORITY,2011-05-11T00:00:00.000Z,District 19,Accept,Open,-75.229263,39.989656
-75.228039999646725,39.971143999599931,220,57,Black,Male,ABUSE OF AUTHORITY,2011-07-15T00:00:00.000Z,District 19,Reject,Closed,-75.22804,39.971144
-75.229263000287673,39.989655999828599,221,38,Black,Male,ABUSE OF AUTHORITY,2011-09-16T00:00:00.000Z,District 19,Reject,Closed,-75.229263,39.989656
-75.24554100001761,39.975331000229559,222,22,Black,Female,ABUSE OF AUTHORITY,2012-04-23T00:00:00.000Z,District 19,REJECT,Closed,-75.245541,39.975331
-75.23203699960834,39.968120999588542,223,55,Black,Female,PHYSICAL ABUSE,2012-07-16T00:00:00.000Z,District 19,ACCEPT,OPEN,-75.232037,39.968121
-75.226068999585138,39.976899999739224,224,51,Black,Male,LACK OF SERVICE,2012-11-29T00:00:00.000Z,District 19,REJECT,Closed,-75.226069,39.9769
-75.202600000090371,40.004052000003846,225,42,Black,Male,ABUSE OF AUTHORITY,2012-12-13T00:00:00.000Z,District 19,ACCEPT,Open,-75.2026,40.004052
-75.085137999919226,40.041792000204723,226,33,Black,Female,ABUSE OF AUTHORITY,2009-04-24T00:00:00.000Z,District 2,REJECT,Closed,-75.085138,40.041792
-75.073246000103239,40.041504999560146,227,38,Black,Female,ABUSE OF AUTHORITY,2009-05-14T00:00:00.000Z,District 2,REJECT,Closed,-75.073246,40.041505
-75.111163000372613,40.03561799967499,228,35,White,Female,ABUSE OF AUTHORITY,2009-05-28T00:00:00.000Z,District 2,ACCEPT,Open,-75.111163,40.035618
-75.073255999665122,40.055331000429398,229,42,Black,Female,VERBAL ABUSE,2009-11-16T00:00:00.000Z,District 2,REJECT,Closed,-75.073256,40.055331
-75.088461000275359,40.035294000022169,230,47,Black,Female,LACK OF SERVICE,2010-04-20T00:00:00.000Z,District 2,REJECT,Closed,-75.088461,40.035294
-75.078443999691274,40.070457000094528,231,46,White,Female,ABUSE OF AUTHORITY,2010-06-11T00:00:00.000Z,District 2,ACCEPT,Closed,-75.078444,40.070457
-75.087397999818307,40.035537000436292,232,23,Black,Female,PHYSICAL ABUSE,2010-06-22T00:00:00.000Z,District 2,ACCEPT,Open,-75.087398,40.035537
-75.067928000377336,40.046089999657831,233,29,Asian,Female,LACK OF SERVICE,2010-07-19T00:00:00.000Z,District 2,ACCEPT,Closed,-75.067928,40.04609
-75.098524000282808,40.041744999835899,234,30,Black,Female,ABUSE OF AUTHORITY,2010-09-08T00:00:00.000Z,District 2,REJECT,Closed,-75.098524,40.041745
-75.087612999840488,40.049029000292137,235,56,White,Male,PHYSICAL ABUSE,2011-09-08T00:00:00.000Z,District 2,Audit,Open,-75.087613,40.049029
-75.088709000020756,40.037952000288648,236,33,Black,Male,ABUSE OF AUTHORITY,2011-10-11T00:00:00.000Z,District 2,NAR,Cloed,-75.088709,40.037952
-75.088434999975703,40.035279000229728,237,49,Black,Female,ABUSE OF AUTHORITY,2012-03-28T00:00:00.000Z,District 2,REJECT,Closed,-75.088435,40.035279
-75.07801100040777,40.038828000216085,238,36,Black,Female,ABUSE OF AUTHORITY,2012-05-23T00:00:00.000Z,District 2,AUDIT,OPEN,-75.078011,40.038828
-75.174115000407397,39.990269000218255,239,39,Black,Male,ABUSE OF AUTHORITY,2009-03-17T00:00:00.000Z,District 22,REJECT,Closed,-75.174115,39.990269
-75.158801000166449,39.989785000381524,240,0,Black,Male,ABUSE OF AUTHORITY,2009-04-30T00:00:00.000Z,District 22,ACCEPT,Open,-75.158801,39.989785
-75.166519999998428,39.989495999644724,241,47,Black,Female,ABUSE OF AUTHORITY,2009-06-01T00:00:00.000Z,District 22,ACCEPT,Open,-75.16652,39.989496
-75.161146000388072,39.986419999887147,242,31,Black,Female,ABUSE OF AUTHORITY,2009-07-30T00:00:00.000Z,District 22,AUDIT,Open,-75.161146,39.98642
-75.177367000187331,39.984139999965102,243,31,Black,Male,ABUSE OF AUTHORITY,2009-08-07T00:00:00.000Z,District 22,AUDIT,Closed,-75.177367,39.98414
-75.176974000050478,39.993717000043567,244,54,Black,Female,ABUSE OF AUTHORITY,2009-08-27T00:00:00.000Z,District 22,REJECT,Closed,-75.176974,39.993717
-75.170604000374766,39.985017999984741,245,52,Black,Male,ABUSE OF AUTHORITY,2009-09-25T00:00:00.000Z,District 22,ACCEPT,Open,-75.170604,39.985018
-75.15791599982397,39.978709000424111,246,40,Black,Male,LACK OF SERVICE,2010-01-11T00:00:00.000Z,District 22,REJECT,Closed,-75.157916,39.978709
-75.151491000309846,39.990373999664399,247,0,Black,Male,ABUSE OF AUTHORITY,2010-01-29T00:00:00.000Z,District 22,REJECT,Closed,-75.151491,39.990374
-75.16381700035474,39.984325000402514,248,17,Black,Female,ABUSE OF AUTHORITY,2010-03-15T00:00:00.000Z,District 22,REJECT,Closed,-75.163817,39.984325
-75.162359999714667,39.980837999678023,249,42,Black,Female,ABUSE OF AUTHORITY,2010-04-14T00:00:00.000Z,District 22,ACCEPT,Open,-75.16236,39.980838
-75.160031000230944,39.951217999814872,250,31,Black,Female,VERBAL ABUSE,2010-06-11T00:00:00.000Z,District 22,REJECT,Closed,-75.160031,39.951218
-75.167376999949042,39.98036000011799,251,24,Black,Female,ABUSE OF AUTHORITY,2010-06-30T00:00:00.000Z,District 22,REJECT,Closed,-75.167377,39.98036
-75.185858999693536,39.986054000096054,252,19,Black,Female,LACK OF SERVICE,2010-07-16T00:00:00.000Z,District 22,NAR,Closed,-75.185859,39.986054
-75.185858999693536,39.986054000096054,253,20,Black,Male,PHYSICAL ABUSE,2010-07-26T00:00:00.000Z,District 22,ACCEPT,Open,-75.185859,39.986054
-75.171577000278816,39.99203199968106,254,50,Black,Male,ABUSE OF AUTHORITY,2010-09-10T00:00:00.000Z,District 22,ACCEPT,Open,-75.171577,39.992032
-75.18132099996464,39.99450999974075,255,42,Black,Female,PHYSICAL ABUSE,2010-12-20T00:00:00.000Z,District 22,ACCEPT,Open,-75.181321,39.99451
-75.177888999977796,39.978356000333228,256,28,Black,Male,PHYSICAL ABUSE,2010-12-22T00:00:00.000Z,District 22,ACCEPT,Open,-75.177889,39.978356
-75.169910999893176,39.97731800012965,257,28,Black,Male,PHYSICAL ABUSE,2010-12-22T00:00:00.000Z,District 22,ACCEPT,Open,-75.169911,39.977318
-75.149015000342416,39.98924899994541,258,33,Black,Female,PHYSICAL ABUSE,2010-12-29T00:00:00.000Z,District 22,ACCEPT,Open,-75.149015,39.989249
-75.156657000220818,39.984754000400805,259,66,Black,Male,ABUSE OF AUTHORITY,2011-02-09T00:00:00.000Z,District 22,Reject,Closed,-75.156657,39.984754
-75.159481000048544,39.991407999683503,260,36,Black,Male,PHYSICAL ABUSE,2011-02-14T00:00:00.000Z,District 22,Accept,Closed,-75.159481,39.991408
-75.17035000035267,39.992007000326893,261,37,Black,Female,ABUSE OF AUTHORITY,2011-03-23T00:00:00.000Z,District 22,Reject,Closed,-75.17035,39.992007
-75.165702000047744,39.976933000361747,262,51,Black,Female,ABUSE OF AUTHORITY,2011-04-01T00:00:00.000Z,District 22,Accept,Closed,-75.165702,39.976933
-75.183131999842345,39.987067000046075,263,28,Black,Male,ABUSE OF AUTHORITY,2011-04-18T00:00:00.000Z,District 22,Accept,Open,-75.183132,39.987067
-75.155271000157001,39.990854000215997,264,0,Black,Male,ABUSE OF AUTHORITY,2011-05-09T00:00:00.000Z,District 22,Accept,Closed,-75.155271,39.990854
-75.178330999676319,39.99532699964535,265,44,Black,Male,ABUSE OF AUTHORITY,2011-11-30T00:00:00.000Z,District 22,Accept,Open,-75.178331,39.995327
-75.175040999942638,39.991201000030209,266,49,Black,Female,PHYSICAL ABUSE,2012-03-05T00:00:00.000Z,District 22,ACCEPT,OPEN,-75.175041,39.991201
-75.164963000142748,39.987377999998756,267,65,Black,Male,PHYSICAL ABUSE,2012-03-30T00:00:00.000Z,District 22,REJECT,Closed,-75.164963,39.987378
-75.168248999692054,39.992580999817335,268,21,Black,Female,ABUSE OF AUTHORITY,2012-06-14T00:00:00.000Z,District 22,ACCEPT,OPEN,-75.168249,39.992581
-75.158594999659925,39.993547000297852,269,62,Black,Female,ABUSE OF AUTHORITY,2012-07-16T00:00:00.000Z,District 22,REJECT,Closed,-75.158595,39.993547
-75.172896999996993,39.978713999755357,270,26,Black,Male,ABUSE OF AUTHORITY,2012-11-07T00:00:00.000Z,District 22,AUDIT,Open,-75.172897,39.978714
-75.152783999682271,39.969623999651901,271,35,Black,Female,PHYSICAL ABUSE,2009-01-29T00:00:00.000Z,District 23,ACCEPT,Open,-75.152784,39.969624
-75.183877000023955,39.975146999838245,272,59,Black,Female,PHYSICAL ABUSE,2009-03-17T00:00:00.000Z,District 23,REJECT,Closed,-75.183877,39.975147
-75.180050999854217,39.975918000319524,273,49,Black,Female,ABUSE OF AUTHORITY,2009-03-17T00:00:00.000Z,District 23,AUDIT,Open,-75.180051,39.975918
-75.159058000326894,39.97320600026076,274,64,Black,Male,PHYSICAL ABUSE,2009-04-13T00:00:00.000Z,District 23,ACCEPT,Open,-75.159058,39.973206
-75.16161400038628,39.980694000231978,275,37,Black,Male,ABUSE OF AUTHORITY,2009-04-16T00:00:00.000Z,District 23,REJECT,Closed,-75.161614,39.980694
-75.17135499993374,39.978252000033848,276,43,Black,Female,ABUSE OF AUTHORITY,2009-06-10T00:00:00.000Z,District 23,REJECT,Closed,-75.171355,39.978252
-75.17647699961428,39.974430000048486,277,49,Black,Female,ABUSE OF AUTHORITY,2010-12-20T00:00:00.000Z,District 23,AUDIT,Open,-75.176477,39.97443
-75.152736000166712,39.955010000215417,278,46,Hispanic,Female,ABUSE OF AUTHORITY,2009-01-14T00:00:00.000Z,District 24,ACCEPT,Open,-75.152736,39.95501
-75.106326000345092,39.988524999832947,279,49,Black,Male,ABUSE OF AUTHORITY,2009-02-13T00:00:00.000Z,District 24,REJECT,Closed,-75.106326,39.988525
-75.104311000053059,39.99925500002233,280,28,Hispanic,Female,PHYSICAL ABUSE,2009-02-20T00:00:00.000Z,District 24,REJECT,Closed,-75.104311,39.999255
-75.094524000182915,39.994603999578942,281,30,Black,Female,ABUSE OF AUTHORITY,2009-05-05T00:00:00.000Z,District 24,REJECT,Closed,-75.094524,39.994604
-75.108724000312819,39.999033999723359,282,42,Hispanic,Female,PHYSICAL ABUSE,2009-07-10T00:00:00.000Z,District 24,REJECT,Closed,-75.108724,39.999034
-75.12070599978253,39.98932699994517,283,60,Black,Male,ABUSE OF AUTHORITY,2009-10-16T00:00:00.000Z,District 24,REJECT,Closed,-75.120706,39.989327
-75.109371999618503,40.005392999791155,284,61,White,Male,ABUSE OF AUTHORITY,2009-10-27T00:00:00.000Z,District 24,REJECT,Closed,-75.109372,40.005393
-75.1132280002724,39.97680399980883,285,48,Black,Female,ABUSE OF AUTHORITY,2009-11-17T00:00:00.000Z,District 24,REJECT,Closed,-75.113228,39.976804
-75.124477000113899,39.993224999837906,286,33,White,Male,THEFT,2009-11-19T00:00:00.000Z,District 24,ACCEPT,Open,-75.124477,39.993225
-75.116409000375512,39.990208000103188,287,53,White,Male,ABUSE OF AUTHORITY,2009-11-20T00:00:00.000Z,District 24,REJECT,Closed,-75.116409,39.990208
-75.114728000197516,39.999790000412283,288,37,White,Male,ABUSE OF AUTHORITY,2009-12-09T00:00:00.000Z,District 24,AUDIT,Closed,-75.114728,39.99979
-75.10730499962645,40.019417999944807,289,18,Black,Male,ABUSE OF AUTHORITY,2010-01-26T00:00:00.000Z,District 24,ACCEPT,Open,-75.107305,40.019418
-75.12454100036733,39.995308999714652,290,26,Hispanic,Female,PHYSICAL ABUSE,2010-05-12T00:00:00.000Z,District 24,ACCEPT,Closed,-75.124541,39.995309
-75.12454100036733,39.995308999714652,291,36,Hispanic,Male,PHYSICAL ABUSE,2010-05-12T00:00:00.000Z,District 24,ACCEPT,Closed,-75.124541,39.995309
-75.115449000171637,39.996754999847411,292,27,Black,Male,PHYSICAL ABUSE,2010-08-23T00:00:00.000Z,District 24,ACCEPT,Open,-75.115449,39.996755
-75.150811000427751,40.009197999891811,293,59,Black,Male,ABUSE OF AUTHORITY,2010-08-25T00:00:00.000Z,District 24,REJECT,Closed,-75.150811,40.009198
-75.12256099989068,39.991479000259709,294,56,Black,Female,PHYSICAL ABUSE,2010-12-21T00:00:00.000Z,District 24,ACCEPT,Open,-75.122561,39.991479
-75.122451000213943,40.008694000032129,295,21,Hispanic,Male,ABUSE OF AUTHORITY,2011-11-01T00:00:00.000Z,District 24,Reject,Closed,-75.122451,40.008694
-75.097186999780632,40.001174000383884,296,0,Black,Female,PHYSICAL ABUSE,2012-03-13T00:00:00.000Z,District 24,AUDIT,CLOSED,-75.097187,40.001174
-75.112161999676999,40.012085999972982,297,32,Hispanic,Male,ABUSE OF AUTHORITY,2012-05-31T00:00:00.000Z,District 24,ACCEPT,OPEN,-75.112162,40.012086
-75.118061000115503,39.993415999652747,298,26,Hispanic,Male,ABUSE OF AUTHORITY,2012-06-11T00:00:00.000Z,District 24,ACCEPT,OPEN,-75.118061,39.993416
-75.117050000257763,39.990048999965396,299,74,White,Male,LACK OF SERVICE,2012-07-30T00:00:00.000Z,District 24,REJECT,Closed,-75.11705,39.990049
-75.151246999849633,40.009280000076025,300,51,Black,Male,PHYSICAL ABUSE,2009-01-21T00:00:00.000Z,District 25,REJECT,Closed,-75.151247,40.00928
-75.113889000177636,39.999678999790063,301,27,Black,Female,VERBAL ABUSE,2009-02-09T00:00:00.000Z,District 25,REJECT,Closed,-75.113889,39.999679
-75.121940000031401,39.997639000143806,302,52,Hispanic,Female,ABUSE OF AUTHORITY,2009-04-23T00:00:00.000Z,District 25,AUDIT,Closed,-75.12194,39.997639
-75.11340700043317,40.024976999992596,303,52,Black,Female,ABUSE OF AUTHORITY,2009-05-05T00:00:00.000Z,District 25,REJECT,Closed,-75.113407,40.024977
-75.139866000216202,39.996745000285593,304,33,Black,Male,ABUSE OF AUTHORITY,2009-05-27T00:00:00.000Z,District 25,AUDIT,Closed,-75.139866,39.996745
-75.138793000197239,39.99591299968921,305,0,Hispanic,Male,ABUSE OF AUTHORITY,2009-06-18T00:00:00.000Z,District 25,REJECT,Closed,-75.138793,39.995913
-75.147675999748031,39.997801999566697,306,47,Hispanic,Female,ABUSE OF AUTHORITY,2009-06-22T00:00:00.000Z,District 25,AUDIT,Closed,-75.147676,39.997802
-75.122404999891302,40.02549599964474,307,48,White,Male,ABUSE OF AUTHORITY,2009-08-10T00:00:00.000Z,District 25,REJECT,Closed,-75.122405,40.025496
-75.152174000330291,40.004728999747563,308,52,Black,Male,ABUSE OF AUTHORITY,2009-09-01T00:00:00.000Z,District 25,ACCEPT,Open,-75.152174,40.004729
-75.137581000063534,40.004323999956696,309,46,Black,Male,ABUSE OF AUTHORITY,2009-09-22T00:00:00.000Z,District 25,REJECT,Closed,-75.137581,40.004324
-75.14926700027226,40.004273000302796,310,55,Black,Male,ABUSE OF AUTHORITY,2009-10-07T00:00:00.000Z,District 25,AUDIT,Closed,-75.149267,40.004273
-75.140862000281544,40.011927999881337,311,51,Black,Male,ABUSE OF AUTHORITY,2010-01-12T00:00:00.000Z,District 25,ACCEPT,Closed,-75.140862,40.011928
-75.138181999899828,40.001329000337151,312,42,Hispanic,Male,ABUSE OF AUTHORITY,2010-02-19T00:00:00.000Z,District 25,ACCEPT,Closed,-75.138182,40.001329
-75.138274999691902,40.000956000223276,313,21,Black,Male,PHYSICAL ABUSE,2010-05-13T00:00:00.000Z,District 25,ACCEPT,Closed,-75.138275,40.000956
-75.137851999970252,39.991995999819586,314,0,Hispanic,Male,PHYSICAL ABUSE,2010-08-13T00:00:00.000Z,District 25,REJECT,Closed,-75.137852,39.991996
-75.150286999645772,40.007501999921423,315,61,Black,Male,PHYSICAL ABUSE,2010-10-07T00:00:00.000Z,District 25,REJECT,Closed,-75.150287,40.007502
-75.099302000187564,39.99218699963442,316,28,Hispanic,Male,PHYSICAL ABUSE,2010-10-07T00:00:00.000Z,District 25,ACCEPT,Open,-75.099302,39.992187
-75.131334999810832,39.994154000410873,317,34,Hispanic,Male,PHYSICAL ABUSE,2010-10-28T00:00:00.000Z,District 25,ACCEPT,Open,-75.131335,39.994154
-75.121128000357402,39.998041999842457,318,36,Hispanic,Male,ABUSE OF AUTHORITY,2010-11-29T00:00:00.000Z,District 25,AUDIT,Closed,-75.121128,39.998042
-75.137517999856286,40.021129999753768,319,27,Hispanic,Male,PHYSICAL ABUSE,2011-01-19T00:00:00.000Z,District 25,ACCEPT,Open,-75.137518,40.02113
-75.059017999581471,40.040592999771157,320,56,Black,Male,ABUSE OF AUTHORITY,2011-02-08T00:00:00.000Z,District 25,Reject,Closed,-75.059018,40.040593
-75.143217000064936,40.003474000328907,321,30,Hispanic,Female,PHYSICAL ABUSE,2011-03-02T00:00:00.000Z,District 25,Accept, ,-75.143217,40.003474
-75.125228999718999,40.001734000127982,322,48,Hispanic,Female,ABUSE OF AUTHORITY,2011-04-20T00:00:00.000Z,District 25,Audit,Closed,-75.125229,40.001734
-75.128449999868025,40.026707999778438,323,36,Black,Female,ABUSE OF AUTHORITY,2011-11-01T00:00:00.000Z,District 25,NAR,Closed,-75.12845,40.026708
-75.142699999605739,40.011359999768224,324,52,Black,Female,POLICE SHOOTINGS,2011-11-03T00:00:00.000Z,District 25,Accept,OPEN,-75.1427,40.01136
-75.142699999605739,40.011359999768224,325,51,Black,Male,POLICE SHOOTINGS,2011-11-29T00:00:00.000Z,District 25,Accept,Open,-75.1427,40.01136
-75.131206000157221,39.994248000249108,326,66,Hispanic,Female,PHYSICAL ABUSE,2011-11-29T00:00:00.000Z,District 25,Accept,Open,-75.131206,39.994248
-75.14847599976801,40.00507699960788,327,56,Black,Female,ABUSE OF AUTHORITY,2012-02-16T00:00:00.000Z,District 25,REJECT,Closed,-75.148476,40.005077
-75.116625000443861,40.016958999861998,328,30,Black,Male,ABUSE OF AUTHORITY,2012-03-09T00:00:00.000Z,District 25,REJECT,Closed,-75.116625,40.016959
-75.143513000225227,39.989834999989306,329,19,Hispanic,Male,PHYSICAL ABUSE,2012-03-21T00:00:00.000Z,District 25,ACCEPT,CLOSED,-75.143513,39.989835
-75.161226999626805,39.953127999761428,330,35,Hispanic,Female,VERBAL ABUSE,2012-06-18T00:00:00.000Z,District 25,REJECT,Closed,-75.161227,39.953128
-75.144316000383554,40.00835499968754,331,53,Black,Female,PHYSICAL ABUSE,2012-07-25T00:00:00.000Z,District 25,ACCEPT,Open,-75.144316,40.008355
-75.148470000390631,40.001769999989598,332,22,Black,Male,PHYSICAL ABUSE,2012-10-25T00:00:00.000Z,District 25,ACCEPT,Open,-75.14847,40.00177
-75.12710299980408,39.971352000198721,333,43,White,Male,LACK OF SERVICE,2009-01-05T00:00:00.000Z,District 26,REJECT,Closed,-75.127103,39.971352
-75.134460000029407,39.979020000376778,334,24,Asian,Female,LACK OF SERVICE,2009-01-06T00:00:00.000Z,District 26,REJECT,Closed,-75.13446,39.97902
-75.126343999876141,39.987841999812495,335,31,Black,Male,ABUSE OF AUTHORITY,2009-02-02T00:00:00.000Z,District 26,AUDIT,Closed,-75.126344,39.987842
-75.143045000227033,39.934284999557143,336,20,Hispanic,Female,PHYSICAL ABUSE,2009-03-09T00:00:00.000Z,District 26,ACCEPT,Open,-75.143045,39.934285
-75.132610000151857,39.987938999789044,337,22,White,Female,ABUSE OF AUTHORITY,2009-03-13T00:00:00.000Z,District 26,AUDIT,Open,-75.13261,39.987939
-75.1365080000446,39.989969999919595,338,19,Hispanic,Male,PHYSICAL ABUSE,2009-04-28T00:00:00.000Z,District 26,ACCEPT,Open,-75.136508,39.98997
-75.124590999975098,39.977920000012055,339,25,Hispanic,Male,ABUSE OF AUTHORITY,2009-05-12T00:00:00.000Z,District 26,ACCEPT,Open,-75.124591,39.97792
-75.139579999617723,39.969516000067387,340,33,White,Female,ABUSE OF AUTHORITY,2009-09-01T00:00:00.000Z,District 26,REJECT,Closed,-75.13958,39.969516
-75.143796999832119,39.992589000186264,341,56,Black,Male,ABUSE OF AUTHORITY,2009-11-24T00:00:00.000Z,District 26,REJECT,Closed,-75.143797,39.992589
-75.145085999919417,39.983168000107142,342,0,Black,Female,ABUSE OF AUTHORITY,2010-04-12T00:00:00.000Z,District 26,AUDIT,Closed,-75.145086,39.983168
-75.141200999726806,39.987517000113534,343,47,White,Male,PHYSICAL ABUSE,2010-05-10T00:00:00.000Z,District 26,ACCEPT,Open,-75.141201,39.987517
-75.125826000270152,39.974816999908661,344,47,Black,Female,ABUSE OF AUTHORITY,2010-06-04T00:00:00.000Z,District 26,REJECT,Closed,-75.125826,39.974817
-75.125000999996601,39.988486999879171,345,0,Black,Female,LACK OF SERVICE,2010-06-28T00:00:00.000Z,District 26,NAR,Closed,-75.125001,39.988487
-75.148212000184103,39.961277999683979,346,23,Black,Male,PHYSICAL ABUSE,2010-10-18T00:00:00.000Z,District 26,ACCEPT,Open,-75.148212,39.961278
-75.148212000184103,39.961277999683979,347,25,Black,Male,PHYSICAL ABUSE,2010-10-21T00:00:00.000Z,District 26,ACCEPT,Open,-75.148212,39.961278
-75.143530000109877,39.976870000154427,348,27,Hispanic,Male,ABUSE OF AUTHORITY,2010-11-22T00:00:00.000Z,District 26,REJECT,Closed,-75.14353,39.97687
-75.129643000024856,39.987546999698303,349,23,Hispanic,Male,NOT CLASSIFIED,2011-01-12T00:00:00.000Z,District 26, , ,-75.129643,39.987547
-75.146057999777298,39.968943999769849,350,46,Black,Female,NOT CLASSIFIED,2011-01-25T00:00:00.000Z,District 26, , ,-75.146058,39.968944
-75.141794000093483,39.988167000410826,351,23,Hispanic,Female,ABUSE OF AUTHORITY,2011-03-12T00:00:00.000Z,District 26,Reject,Closed,-75.141794,39.988167
-75.141794000093483,39.988167000410826,352,38,Hispanic,Male,PHYSICAL ABUSE,2011-03-14T00:00:00.000Z,District 26,Accept,Closed,-75.141794,39.988167
-75.12710299980408,39.971352000198721,353,46,Black,Female,VERBAL ABUSE,2012-03-12T00:00:00.000Z,District 26,AUDIT,Open,-75.127103,39.971352
-75.163309000310534,39.936467000355876,354,54,Black,Male,ABUSE OF AUTHORITY,2009-01-27T00:00:00.000Z,District 3,REJECT,Closed,-75.163309,39.936467
-75.149180999903678,39.94162099971345,355,0,White,Male,PHYSICAL ABUSE,2009-04-28T00:00:00.000Z,District 3,REJECT,Closed,-75.149181,39.941621
-75.166736000066777,39.937505999706197,356,32,White,Female,ABUSE OF AUTHORITY,2009-05-11T00:00:00.000Z,District 3,REJECT,Closed,-75.166736,39.937506
-75.157172999734556,39.942654999732525,357,19,Black,Male,PHYSICAL ABUSE,2009-07-21T00:00:00.000Z,District 3,ACCEPT,Open,-75.157173,39.942655
-75.149180999903678,39.94162099971345,358,37,White,Female,ABUSE OF AUTHORITY,2009-07-21T00:00:00.000Z,District 3,AUDIT,Closed,-75.149181,39.941621
-75.150756999736217,39.94181999989712,359,33,Black,Male,PHYSICAL ABUSE,2009-07-22T00:00:00.000Z,District 3,ACCEPT,Open,-75.150757,39.94182
-75.150756999736217,39.94181999989712,360,49,White,Male,ABUSE OF AUTHORITY,2009-08-19T00:00:00.000Z,District 3,AUDIT,Withdrawn,-75.150757,39.94182
-75.162227999922692,39.933446000436653,361,59,White,Female,LACK OF SERVICE,2009-09-14T00:00:00.000Z,District 3,ACCEPT,Open,-75.162228,39.933446
-75.158252000030231,39.91778100019701,362,47,White,Female,ABUSE OF AUTHORITY,2010-05-26T00:00:00.000Z,District 3,ACCEPT,Open,-75.158252,39.917781
-75.161310999903179,39.939456999744785,363,28,Black,Female,VERBAL ABUSE,2010-07-08T00:00:00.000Z,District 3,AUDIT,Open,-75.161311,39.939457
-75.161612000294014,39.944189000326197,364,30,Black,Female,ABUSE OF AUTHORITY,2010-08-20T00:00:00.000Z,District 3,NAR,Closed,-75.161612,39.944189
-75.156631999967288,39.940701999601615,365,34,White,Female,ABUSE OF AUTHORITY,2010-08-20T00:00:00.000Z,District 3,ACCEPT,Open,-75.156632,39.940702
-75.148200999676845,39.939649999651849,366,84,Black,Male,PHYSICAL ABUSE,2012-01-25T00:00:00.000Z,District 3,ACCEPT,OPEN,-75.148201,39.93965
-75.148545000252042,39.935076000061386,367,58,Black,Female,ABUSE OF AUTHORITY,2012-01-30T00:00:00.000Z,District 3,REJECT,Closed,-75.148545,39.935076
-75.123704000439702,40.04734800011417,368,39,Black,Female,ABUSE OF AUTHORITY,2009-01-15T00:00:00.000Z,District 35,ACCEPT,Open,-75.123704,40.047348
-75.150559999644685,40.063119999892166,369,41,Black,Female,ABUSE OF AUTHORITY,2009-01-22T00:00:00.000Z,District 35,REJECT,Closed,-75.15056,40.06312
-75.128566999867644,40.036354000340879,370,44,Black,Female,ABUSE OF AUTHORITY,2009-02-11T00:00:00.000Z,District 35,REJECT,Closed,-75.128567,40.036354
-75.143548000040624,40.044427000309902,371,25,Black,Female,PHYSICAL ABUSE,2009-04-01T00:00:00.000Z,District 35,ACCEPT,Open,-75.143548,40.044427
-75.122462999868034,40.041669999974538,372,39,Black,Female,PHYSICAL ABUSE,2009-05-06T00:00:00.000Z,District 35,ACCEPT,Open,-75.122463,40.04167
-75.143548000040624,40.044427000309902,373,40,Black,Female,ABUSE OF AUTHORITY,2009-05-07T00:00:00.000Z,District 35,ACCEPT,Open,-75.143548,40.044427
-75.131905000016189,40.052449999771689,374,20,Black,Male,PHYSICAL ABUSE,2009-11-23T00:00:00.000Z,District 35,ACCEPT,Open,-75.131905,40.05245
-75.123567000417182,40.037888000035217,375,39,Black,Female,ABUSE OF AUTHORITY,2009-11-30T00:00:00.000Z,District 35,AUDIT,Closed,-75.123567,40.037888
-75.124243000114831,40.040413999610472,376,20,Asian,Female,ABUSE OF AUTHORITY,2010-02-02T00:00:00.000Z,District 35,ACCEPT,Open,-75.124243,40.040414
-75.139032000426909,40.054737000016608,377,21,Black,Male,ABUSE OF AUTHORITY,2010-05-06T00:00:00.000Z,District 35,ACCEPT,Closed,-75.139032,40.054737
-75.146576000282622,40.030639000293682,378,32,Black,Male,ABUSE OF AUTHORITY,2010-05-11T00:00:00.000Z,District 35,NAR,Closed,-75.146576,40.030639
-75.154288999837917,40.022257999611085,379,45,Black,Male,ABUSE OF AUTHORITY,2010-05-14T00:00:00.000Z,District 35,REJECT,Closed,-75.154289,40.022258
-75.157148000380374,40.049898999942947,380,58,Black,Female,ABUSE OF AUTHORITY,2010-11-22T00:00:00.000Z,District 35,AUDIT,Open,-75.157148,40.049899
-75.143548000040624,40.044427000309902,381,51,Black,Female,ABUSE OF AUTHORITY,2011-03-03T00:00:00.000Z,District 35,Audit,Closed,-75.143548,40.044427
-75.118853999812686,40.028473000232822,382,36,Multi-Racial,Female,ABUSE OF AUTHORITY,2011-03-28T00:00:00.000Z,District 35,Reject,Closed,-75.118854,40.028473
-75.157148000380374,40.049898999942947,383,58,Black,Female,ABUSE OF AUTHORITY,2011-05-04T00:00:00.000Z,District 35,Audit,SUSPENDED,-75.157148,40.049899
-75.125983000315642,40.033122999730686,384,28,Black,Female,PHYSICAL ABUSE,2011-06-01T00:00:00.000Z,District 35,Accept,Closed,-75.125983,40.033123
-75.123353999587877,40.03897399975434,385,56,Black,Female,POLICE SHOOTINGS,2011-06-07T00:00:00.000Z,District 35,Accept,OPEN,-75.123354,40.038974
-75.123567000417182,40.044994000376875,386,47,Black,Male,ABUSE OF AUTHORITY,2011-10-13T00:00:00.000Z,District 35,Accept,Open,-75.123567,40.044994
-75.133333000218258,40.02352999981369,387,24,Black,Male,PHYSICAL ABUSE,2012-01-31T00:00:00.000Z,District 35,WITHDRAWN,CLOSED,-75.133333,40.02353
-75.129442999795032,40.033122999730679,388,57,Black,Female,ABUSE OF AUTHORITY,2012-06-01T00:00:00.000Z,District 35,ACCEPT,OPEN,-75.129443,40.033123
-75.172521999790916,40.028048000418913,389,33,Black,Male,PHYSICAL ABUSE,2009-01-13T00:00:00.000Z,District 39,REJECT,Closed,-75.172522,40.028048
-75.206776000212685,39.968103999703857,390,22,Black,Female,PHYSICAL ABUSE,2009-01-23T00:00:00.000Z,District 39,ACCEPT,Open,-75.206776,39.968104
-75.171033000373129,40.005173000437658,391,34,Black,Male,PHYSICAL ABUSE,2009-04-01T00:00:00.000Z,District 39,ACCEPT,Open,-75.171033,40.005173
-75.168556000359601,40.025338000452408,392,31,Black,Male,LACK OF SERVICE,2009-04-13T00:00:00.000Z,District 39,REJECT,Closed,-75.168556,40.025338
-75.16280300035865,40.009657000374361,393,14,Black,Male,ABUSE OF AUTHORITY,2009-05-28T00:00:00.000Z,District 39,ACCEPT,Open,-75.162803,40.009657
-75.165040000096354,40.028980000230852,394,24,Black,Male,ABUSE OF AUTHORITY,2009-06-10T00:00:00.000Z,District 39,REJECT,Closed,-75.16504,40.02898
-75.172625000044178,40.002514000125046,395,37,Black,Female,ABUSE OF AUTHORITY,2009-10-20T00:00:00.000Z,District 39,REJECT,Closed,-75.172625,40.002514
-75.17384899983189,40.001404000198484,396,27,Black,Female,ABUSE OF AUTHORITY,2010-01-15T00:00:00.000Z,District 39,AUDIT,Open,-75.173849,40.001404
-75.204632000267026,40.014369000033369,397,49,Black,Male,ABUSE OF AUTHORITY,2010-01-22T00:00:00.000Z,District 39,REJECT,Closed,-75.204632,40.014369
-75.163007999919714,40.009172999638295,398,0,Black,Male,ABUSE OF AUTHORITY,2010-02-03T00:00:00.000Z,District 39,REJECT,Closed,-75.163008,40.009173
-75.164750000212763,40.028922000254127,399,44,Black,Male,RACIAL PROFILING,2010-03-19T00:00:00.000Z,District 39,ACCEPT,Closed,-75.16475,40.028922
-75.177503000163796,39.99691199989293,400,25,Black,Male,PHYSICAL ABUSE,2010-06-28T00:00:00.000Z,District 39,NAR,Closed,-75.177503,39.996912
-75.17169200018607,39.99932200041404,401,37,Black,Male,ABUSE OF AUTHORITY,2010-07-06T00:00:00.000Z,District 39,REJECT,Closed,-75.171692,39.999322
-75.15692199985088,40.020471999986874,402,35,Black,Male,PHYSICAL ABUSE,2010-07-29T00:00:00.000Z,District 39,ACCEPT,Open,-75.156922,40.020472
-75.172932999858489,40.004223999841791,403,43,Black,Male,VERBAL ABUSE,2010-08-02T00:00:00.000Z,District 39,REJECT,Closed,-75.172933,40.004224
-75.150370999922131,40.020934999754495,404,38,Black,Male,ABUSE OF AUTHORITY,2011-09-19T00:00:00.000Z,District 39,Audit,Open,-75.150371,40.020935
-75.158200000330197,40.007572999598274,405,36,Black,Female,ABUSE OF AUTHORITY,2011-11-15T00:00:00.000Z,District 39,NAR,Closed,-75.1582,40.007573
-75.110069000284597,39.980200999980212,406,29,Black,Male,ABUSE OF AUTHORITY,2012-05-03T00:00:00.000Z,District 39,REJECT,OPEN,-75.110069,39.980201
-75.166426000160229,39.907133000191855,407,0,Black,Female,NO MISCONDUCT,2009-08-05T00:00:00.000Z,District 4,REJECT,Closed,-75.166426,39.907133
-75.158782000189575,39.92040599984108,408,36,Asian,Male,PHYSICAL ABUSE,2009-11-20T00:00:00.000Z,District 4,ACCEPT,Open,-75.158782,39.920406
-75.217953000331164,40.028939000138791,409,57,White,Female,ABUSE OF AUTHORITY,2010-03-19T00:00:00.000Z,District 5,AUDIT,Closed,-75.217953,40.028939
-75.161226999626805,39.953127999761428,410,52,Black,Male,VERBAL ABUSE,2009-02-06T00:00:00.000Z,District 6,AUDIT,Closed,-75.161227,39.953128
-75.161226999626805,39.953127999761428,411,28,Black,Female,ABUSE OF AUTHORITY,2009-02-09T00:00:00.000Z,District 6,REJECT,Closed,-75.161227,39.953128
-75.161226999626805,39.953127999761428,412,53,Black,Female,PHYSICAL ABUSE,2009-02-17T00:00:00.000Z,District 6,AUDIT,Closed,-75.161227,39.953128
-75.152111000123028,39.95493100016958,413,37,Black,Male,ABUSE OF AUTHORITY,2009-02-18T00:00:00.000Z,District 6,ACCEPT,Open,-75.152111,39.954931
-75.138987000150365,39.960268999918469,414,25,Black,Male,ABUSE OF AUTHORITY,2009-03-26T00:00:00.000Z,District 6,ACCEPT,Open,-75.138987,39.960269
-75.148264999930262,39.961238999684113,415,23,Black,Female,PHYSICAL ABUSE,2009-03-27T00:00:00.000Z,District 6,ACCEPT,Open,-75.148265,39.961239
-75.154933999904614,39.952364999649078,416,49,Black,Male,ABUSE OF AUTHORITY,2009-04-17T00:00:00.000Z,District 6,REJECT,Closed,-75.154934,39.952365
-75.156499000129173,39.953532000405573,417,29,Hispanic,Female,VERBAL ABUSE,2009-05-14T00:00:00.000Z,District 6,REJECT,Closed,-75.156499,39.953532
-75.209346000018328,39.959292999876119,418,41,Black,Female,ABUSE OF AUTHORITY,2009-05-20T00:00:00.000Z,District 6,REJECT,Closed,-75.209346,39.959293
-75.158306999868586,39.951715000251156,419,80,White,Male,LACK OF SERVICE,2009-07-01T00:00:00.000Z,District 6,REJECT,Closed,-75.158307,39.951715
-75.150756999736217,39.94181999989712,420,21,White,Male,ABUSE OF AUTHORITY,2009-09-16T00:00:00.000Z,District 6,REJECT,Closed,-75.150757,39.94182
-75.158633999659813,39.950203999818811,421,51,Black,Male,ABUSE OF AUTHORITY,2010-01-21T00:00:00.000Z,District 6,REJECT,Closed,-75.158634,39.950204
-75.141482000094683,39.948029000242194,422,24,White,Male,PHYSICAL ABUSE,2010-03-22T00:00:00.000Z,District 6,AUDIT,Closed,-75.141482,39.948029
-75.141468000348397,39.960559999848194,423,40,Black,Male,PHYSICAL ABUSE,2010-04-20T00:00:00.000Z,District 6,ACCEPT,Open,-75.141468,39.96056
-75.143159000088218,39.952872999693263,424,39,Black,Male,ABUSE OF AUTHORITY,2010-08-10T00:00:00.000Z,District 6,ACCEPT,Open,-75.143159,39.952873
-75.148212000184103,39.961277999683979,425,23,Black,Male,PHYSICAL ABUSE,2010-10-21T00:00:00.000Z,District 6,ACCEPT,Open,-75.148212,39.961278
-75.161226999626805,39.953127999761428,426,80,White,Male,LACK OF SERVICE,2010-12-20T00:00:00.000Z,District 6,REJECT,Closed,-75.161227,39.953128
-75.154770999582396,39.960706000285725,427,32,Black,Male,ABUSE OF AUTHORITY,2011-05-06T00:00:00.000Z,District 6,Rejected,Closed,-75.154771,39.960706
-75.159482000094712,39.946326999995151,428,24,Black,Male,PHYSICAL ABUSE,2012-05-24T00:00:00.000Z,District 6,ACCEPT,OPEN,-75.159482,39.946327
-75.081075999658111,40.079485000036797,429,27,White,Male,ABUSE OF AUTHORITY,2010-06-16T00:00:00.000Z,District 7,ACCEPT,Open,-75.081076,40.079485
-75.077036000411539,40.074425999664214,430,50,White,Male,ABUSE OF AUTHORITY,2010-06-30T00:00:00.000Z,District 7,ACCEPT,Open,-75.077036,40.074426
-75.076763000412555,40.074271999757038,431,23,White,Male,PHYSICAL ABUSE,2010-07-26T00:00:00.000Z,District 7,REJECT,Closed,-75.076763,40.074272
-75.043755999939847,40.084787999970317,432,62,White,Male,ABUSE OF AUTHORITY,2010-11-16T00:00:00.000Z,District 7,REJECT,Closed,-75.043756,40.084788
-74.959429999895022,40.08651300037873,433,42,Black,Female,ABUSE OF AUTHORITY,2009-01-23T00:00:00.000Z,District 8,REJECT,Closed,-74.95943,40.086513
-74.973764999955236,40.084534999994325,434,41,White,Female,ABUSE OF AUTHORITY,2011-02-10T00:00:00.000Z,District 8,AUDIT,Open,-74.973765,40.084535
-74.983051000104041,40.080319999872138,435,22,Black,Female,PHYSICAL ABUSE,2011-04-14T00:00:00.000Z,District 8,Accept,Closed,-74.983051,40.08032
-75.183335000210533,39.95482000044673,436,57,Black,Male,ABUSE OF AUTHORITY,2009-01-21T00:00:00.000Z,District 9,REJECT,Closed,-75.183335,39.95482
-75.168325999645603,39.925126999915186,437,35,Hispanic,Male,ABUSE OF AUTHORITY,2009-02-23T00:00:00.000Z,District 9,AUDIT,Closed,-75.168326,39.925127
-75.168214999922753,39.954005999781124,438,45,White,Male,ABUSE OF AUTHORITY,2009-04-07T00:00:00.000Z,District 9,REJECT,Closed,-75.168215,39.954006
-75.165064000303829,39.953610000405234,439,24,White,Female,LACK OF SERVICE,2009-04-17T00:00:00.000Z,District 9,REJECT,Closed,-75.165064,39.95361
-75.170668999774961,39.950133000141896,440,16,White,Male,ABUSE OF AUTHORITY,2009-08-03T00:00:00.000Z,District 9,AUDIT,Open,-75.170669,39.950133
-75.167990000338676,39.955010000215388,441,30,Black,Male,NO MISCONDUCT,2009-08-06T00:00:00.000Z,District 9,REJECT,Closed,-75.16799,39.95501
-75.188636000051787,39.969927000135002,442,47,White,Female,ABUSE OF AUTHORITY,2009-08-26T00:00:00.000Z,District 9,REJECT,Closed,-75.188636,39.969927
-75.173947999900719,39.959004000038632,443,27,Black,Female,ABUSE OF AUTHORITY,2009-10-20T00:00:00.000Z,District 9,ACCEPT,Open,-75.173948,39.959004
-75.16045399995258,39.96706400030741,444,16,Black,Male,PHYSICAL ABUSE,2009-11-05T00:00:00.000Z,District 9,ACCEPT,Open,-75.160454,39.967064
-75.165227999772824,39.95257799957907,445,24,White,Male,PHYSICAL ABUSE,2009-11-20T00:00:00.000Z,District 9,ACCEPT,Closed,-75.165228,39.952578
-75.233691000339874,39.976643999624926,446,0,Black,Female,PHYSICAL ABUSE,2010-01-27T00:00:00.000Z,District 9,NAR,Closed,-75.233691,39.976644
-75.206976000442509,39.969102999907541,447,33,Black,Male,ABUSE OF AUTHORITY,2010-03-07T00:00:00.000Z,District 9,ACCEPT,Open,-75.206976,39.969103
-75.1659410002774,39.949554999567631,448,28,Black,Male,ABUSE OF AUTHORITY,2010-03-15T00:00:00.000Z,District 9,REJECT,Closed,-75.165941,39.949555
-75.16800900031555,39.962507999748453,449,48,Hispanic,Female,ABUSE OF AUTHORITY,2010-07-21T00:00:00.000Z,District 9,REJECT,Closed,-75.168009,39.962508
-75.209249000041765,40.002412999964037,450,43,Black,Male,ABUSE OF AUTHORITY,2010-09-16T00:00:00.000Z,District 9,AUDIT,Open,-75.209249,40.002413
-75.166591999721504,39.9693889996067,451,47,Black,Female,ABUSE OF AUTHORITY,2011-01-13T00:00:00.000Z,District 9, ,Open,-75.166592,39.969389
-75.168905000266008,39.958423000225309,452,54,White,Male,ABUSE OF AUTHORITY,2011-02-08T00:00:00.000Z,District 9,REJECT,Closed,-75.168905,39.958423
-75.170986000004334,39.963576000436113,453,39,Black,Male,ABUSE OF AUTHORITY,2011-09-14T00:00:00.000Z,District 9,Audit,Closed,-75.170986,39.963576
-75.173183999742236,39.962499000232683,454,79,White,Female,LACK OF SERVICE,2012-10-24T00:00:00.000Z,District 9,AUDIT,Open,-75.173184,39.962499
-75.17647699961428,39.98600799977342,455,29,Black,Female,NON-JURISDICTIONAL,2012-12-04T00:00:00.000Z,FJD Warrant Unit,REJECT,Closed,-75.176477,39.986008
