"Month Day, Year","Month Day, Year Code",Avg Daily Max Air Temperature (F),Avg Daily Min Air Temperature (F),Avg Daily Max Heat Index (F)
1-Jan-09,1/1/2009,27.33,18.97,Missing
2-Jan-09,1/2/2009,36.17,21.93,Missing
3-Jan-09,1/3/2009,35.23,24.97,Missing
4-Jan-09,1/4/2009,37.1,23.3,Missing
5-Jan-09,1/5/2009,44.4,31.3,Missing
6-Jan-09,1/6/2009,33.13,30.9,Missing
7-Jan-09,1/7/2009,43.97,33.03,Missing
8-Jan-09,1/8/2009,39.23,30.07,Missing
9-Jan-09,1/9/2009,35.3,28.4,Missing
10-Jan-09,1/10/2009,36.67,27.87,Missing
11-Jan-09,1/11/2009,35.07,23.4,Missing
12-Jan-09,1/12/2009,32.47,23.7,Missing
13-Jan-09,1/13/2009,38.23,27.27,Missing
14-Jan-09,1/14/2009,31.77,21.13,Missing
15-Jan-09,1/15/2009,25.03,15.77,Missing
16-Jan-09,1/16/2009,15.77,9.33,Missing
17-Jan-09,1/17/2009,20.03,6.43,Missing
18-Jan-09,1/18/2009,31.77,20.03,Missing
19-Jan-09,1/19/2009,31.2,25.43,Missing
20-Jan-09,1/20/2009,28.37,19.93,Missing
21-Jan-09,1/21/2009,26.2,17,Missing
22-Jan-09,1/22/2009,34.37,17.4,Missing
23-Jan-09,1/23/2009,38.8,23.8,Missing
24-Jan-09,1/24/2009,35.43,19.93,Missing
25-Jan-09,1/25/2009,29.33,15.5,Missing
26-Jan-09,1/26/2009,26.67,22.07,Missing
27-Jan-09,1/27/2009,28.87,23.77,Missing
28-Jan-09,1/28/2009,35.4,25.37,Missing
29-Jan-09,1/29/2009,32.33,25.7,Missing
30-Jan-09,1/30/2009,35.23,23.1,Missing
31-Jan-09,1/31/2009,26.27,20.37,Missing
1-Feb-09,2/1/2009,45.7,23.87,Missing
2-Feb-09,2/2/2009,48.9,32.93,Missing
3-Feb-09,2/3/2009,34.37,29.27,Missing
4-Feb-09,2/4/2009,29.27,16.77,Missing
5-Feb-09,2/5/2009,22.53,14.07,Missing
6-Feb-09,2/6/2009,30.9,13.37,Missing
7-Feb-09,2/7/2009,38.6,21.03,Missing
8-Feb-09,2/8/2009,56.83,33.27,Missing
9-Feb-09,2/9/2009,44.87,29.83,Missing
10-Feb-09,2/10/2009,53.53,30.5,Missing
11-Feb-09,2/11/2009,64.3,40.1,Missing
12-Feb-09,2/12/2009,52,40.1,Missing
13-Feb-09,2/13/2009,43.47,29.37,Missing
14-Feb-09,2/14/2009,37.87,28.3,Missing
15-Feb-09,2/15/2009,40.7,25.33,Missing
16-Feb-09,2/16/2009,36.77,26.8,Missing
17-Feb-09,2/17/2009,38.57,27.63,Missing
18-Feb-09,2/18/2009,39.2,28.7,Missing
19-Feb-09,2/19/2009,45.43,26.53,Missing
20-Feb-09,2/20/2009,31.53,24.33,Missing
21-Feb-09,2/21/2009,39.07,23.27,Missing
22-Feb-09,2/22/2009,42.8,26.23,Missing
23-Feb-09,2/23/2009,33.6,21.03,Missing
24-Feb-09,2/24/2009,32.6,17.9,Missing
25-Feb-09,2/25/2009,37.53,19.8,Missing
26-Feb-09,2/26/2009,41.2,25.77,Missing
27-Feb-09,2/27/2009,55.27,33.73,Missing
28-Feb-09,2/28/2009,45.87,33.3,Missing
1-Mar-09,3/1/2009,36.13,29.87,Missing
2-Mar-09,3/2/2009,29.87,12.8,Missing
3-Mar-09,3/3/2009,24.9,4.77,Missing
4-Mar-09,3/4/2009,30.23,3.37,Missing
5-Mar-09,3/5/2009,38.73,14.17,Missing
6-Mar-09,3/6/2009,45.5,30.6,Missing
7-Mar-09,3/7/2009,66.73,38.4,Missing
8-Mar-09,3/8/2009,64.63,48.37,Missing
9-Mar-09,3/9/2009,54.37,40.27,Missing
10-Mar-09,3/10/2009,48.1,36.03,Missing
11-Mar-09,3/11/2009,61.67,40,Missing
12-Mar-09,3/12/2009,42.47,32.03,Missing
13-Mar-09,3/13/2009,39.83,31.17,Missing
14-Mar-09,3/14/2009,48.47,31.9,Missing
15-Mar-09,3/15/2009,46.9,38.4,Missing
16-Mar-09,3/16/2009,53.13,41.33,Missing
17-Mar-09,3/17/2009,54.47,38,Missing
18-Mar-09,3/18/2009,59.77,33.7,Missing
19-Mar-09,3/19/2009,53,37.83,Missing
20-Mar-09,3/20/2009,46.83,32.6,Missing
21-Mar-09,3/21/2009,45.3,28.37,Missing
22-Mar-09,3/22/2009,50.23,29.27,Missing
23-Mar-09,3/23/2009,41.73,25.5,Missing
24-Mar-09,3/24/2009,45.33,24.43,Missing
25-Mar-09,3/25/2009,51.67,29.93,Missing
26-Mar-09,3/26/2009,47.03,37.37,Missing
27-Mar-09,3/27/2009,62.9,43.87,Missing
28-Mar-09,3/28/2009,57.37,45.83,Missing
29-Mar-09,3/29/2009,71.67,45.23,Missing
30-Mar-09,3/30/2009,51.7,37.83,Missing
31-Mar-09,3/31/2009,57.17,32.3,Missing
1-Apr-09,4/1/2009,53.2,37.53,Missing
2-Apr-09,4/2/2009,66.17,40.37,Missing
3-Apr-09,4/3/2009,67,51.83,Missing
4-Apr-09,4/4/2009,55.17,41.8,Missing
5-Apr-09,4/5/2009,62.7,37.2,Missing
6-Apr-09,4/6/2009,60.13,45.57,Missing
7-Apr-09,4/7/2009,46.37,35.7,Missing
8-Apr-09,4/8/2009,48.77,32.5,Missing
9-Apr-09,4/9/2009,58.77,37.83,Missing
10-Apr-09,4/10/2009,65.7,40.57,Missing
11-Apr-09,4/11/2009,55.57,38.2,Missing
12-Apr-09,4/12/2009,45.27,30.13,Missing
13-Apr-09,4/13/2009,53.13,28.93,Missing
14-Apr-09,4/14/2009,48.8,40.67,Missing
15-Apr-09,4/15/2009,46.33,37.3,Missing
16-Apr-09,4/16/2009,60.2,32.5,Missing
17-Apr-09,4/17/2009,65.6,34.23,Missing
18-Apr-09,4/18/2009,71.77,40.87,Missing
19-Apr-09,4/19/2009,61.97,45.07,Missing
20-Apr-09,4/20/2009,50.43,42.6,Missing
21-Apr-09,4/21/2009,66.63,45.53,Missing
22-Apr-09,4/22/2009,54.17,41.9,Missing
23-Apr-09,4/23/2009,56.63,38.3,Missing
24-Apr-09,4/24/2009,67.63,36.93,Missing
25-Apr-09,4/25/2009,83,47.77,84
26-Apr-09,4/26/2009,85.5,59.1,84.7
27-Apr-09,4/27/2009,87.37,58.33,88.43
28-Apr-09,4/28/2009,84.27,58.97,83.73
29-Apr-09,4/29/2009,63.7,47.53,Missing
30-Apr-09,4/30/2009,55.4,46.97,Missing
1-May-09,5/1/2009,74.93,51.83,Missing
2-May-09,5/2/2009,68.77,59.07,Missing
3-May-09,5/3/2009,60.37,54.07,Missing
4-May-09,5/4/2009,55.87,50.1,Missing
5-May-09,5/5/2009,64.1,48.97,Missing
6-May-09,5/6/2009,63.6,53.57,Missing
7-May-09,5/7/2009,73.93,57.07,Missing
8-May-09,5/8/2009,76.33,60.33,Missing
9-May-09,5/9/2009,81.97,59.17,84.9
10-May-09,5/10/2009,65.03,50.3,Missing
11-May-09,5/11/2009,58.1,46.63,Missing
12-May-09,5/12/2009,66.43,48.4,Missing
13-May-09,5/13/2009,68.33,48.63,Missing
14-May-09,5/14/2009,71.5,48.17,Missing
15-May-09,5/15/2009,78.03,57,Missing
16-May-09,5/16/2009,74.93,62.03,Missing
17-May-09,5/17/2009,66.53,49.33,Missing
18-May-09,5/18/2009,58.1,44,Missing
19-May-09,5/19/2009,64.7,39.97,Missing
20-May-09,5/20/2009,74.57,41.43,Missing
21-May-09,5/21/2009,76.97,45.7,Missing
22-May-09,5/22/2009,81.93,52.27,83.67
23-May-09,5/23/2009,81.3,60.67,83.9
24-May-09,5/24/2009,83.2,62.53,86.37
25-May-09,5/25/2009,80.53,63.5,82.5
26-May-09,5/26/2009,63.5,53.27,Missing
27-May-09,5/27/2009,74.97,53.37,Missing
28-May-09,5/28/2009,75.43,60.47,Missing
29-May-09,5/29/2009,77.67,59.13,Missing
30-May-09,5/30/2009,74.47,61.03,Missing
31-May-09,5/31/2009,77.47,49.93,Missing
1-Jun-09,6/1/2009,70.83,42.13,Missing
2-Jun-09,6/2/2009,82.17,54.07,84.3
3-Jun-09,6/3/2009,74.3,62.4,Missing
4-Jun-09,6/4/2009,67.73,59.57,Missing
5-Jun-09,6/5/2009,62.17,57.73,Missing
6-Jun-09,6/6/2009,77.53,56.7,Missing
7-Jun-09,6/7/2009,80.3,56.9,82.3
8-Jun-09,6/8/2009,79.9,64.13,84.1
9-Jun-09,6/9/2009,78.1,63.83,Missing
10-Jun-09,6/10/2009,81.97,61.47,86.87
11-Jun-09,6/11/2009,75.9,62.23,Missing
12-Jun-09,6/12/2009,80.37,64.4,83.85
13-Jun-09,6/13/2009,77.93,65,Missing
14-Jun-09,6/14/2009,76.87,61.93,Missing
15-Jun-09,6/15/2009,75.67,60.67,Missing
16-Jun-09,6/16/2009,69.2,52.17,Missing
17-Jun-09,6/17/2009,68.1,50.03,Missing
18-Jun-09,6/18/2009,73.2,58.73,Missing
19-Jun-09,6/19/2009,75.7,62.13,Missing
20-Jun-09,6/20/2009,75.53,65,Missing
21-Jun-09,6/21/2009,78.73,65.4,Missing
22-Jun-09,6/22/2009,78.23,64.03,Missing
23-Jun-09,6/23/2009,77.3,64.9,Missing
24-Jun-09,6/24/2009,79.27,65.83,Missing
25-Jun-09,6/25/2009,83.03,66.37,86.9
26-Jun-09,6/26/2009,81.03,64.8,85.23
27-Jun-09,6/27/2009,80.07,66.27,82.1
28-Jun-09,6/28/2009,81.53,62,83.93
29-Jun-09,6/29/2009,82.27,66.67,83.07
30-Jun-09,6/30/2009,83.13,66.07,84.4
1-Jul-09,7/1/2009,79.4,66.73,83.2
2-Jul-09,7/2/2009,78.73,64.4,Missing
3-Jul-09,7/3/2009,76.7,65.37,Missing
4-Jul-09,7/4/2009,79.53,61.6,81.3
5-Jul-09,7/5/2009,77.7,56.13,Missing
6-Jul-09,7/6/2009,81.3,60.17,81.93
7-Jul-09,7/7/2009,82.43,62.73,83.13
8-Jul-09,7/8/2009,76.13,61.87,Missing
9-Jul-09,7/9/2009,76.27,59.6,Missing
10-Jul-09,7/10/2009,78.87,59.37,Missing
11-Jul-09,7/11/2009,76.7,57,Missing
12-Jul-09,7/12/2009,83.07,65.97,82.47
13-Jul-09,7/13/2009,80.67,61.27,81.2
14-Jul-09,7/14/2009,77.93,53.53,Missing
15-Jul-09,7/15/2009,82.47,57.03,82.43
16-Jul-09,7/16/2009,85.57,60.7,90.2
17-Jul-09,7/17/2009,84.7,69.17,90.37
18-Jul-09,7/18/2009,80.27,65.13,81.45
19-Jul-09,7/19/2009,81,61.6,81.37
20-Jul-09,7/20/2009,82.33,62.57,83.23
21-Jul-09,7/21/2009,77.23,65.7,Missing
22-Jul-09,7/22/2009,82.93,68.5,86.7
23-Jul-09,7/23/2009,78.23,65.17,Missing
24-Jul-09,7/24/2009,83.53,65.17,86.17
25-Jul-09,7/25/2009,85.17,67.93,89.03
26-Jul-09,7/26/2009,85.43,69.7,89.2
27-Jul-09,7/27/2009,83.23,70.9,87.53
28-Jul-09,7/28/2009,86.3,68.1,91.13
29-Jul-09,7/29/2009,84.77,72.3,92.7
30-Jul-09,7/30/2009,86.17,71.17,90
31-Jul-09,7/31/2009,82.83,70.3,89.07
1-Aug-09,8/1/2009,84.43,67.53,88
2-Aug-09,8/2/2009,77.4,68.37,Missing
3-Aug-09,8/3/2009,85.2,70.47,89.07
4-Aug-09,8/4/2009,87.97,68.03,95.3
5-Aug-09,8/5/2009,87.03,71.27,91.43
6-Aug-09,8/6/2009,78.97,63.4,Missing
7-Aug-09,8/7/2009,80.13,58.07,80.7
8-Aug-09,8/8/2009,81.23,63.8,82.4
9-Aug-09,8/9/2009,84.53,69.27,90.9
10-Aug-09,8/10/2009,93.23,70.67,104.27
11-Aug-09,8/11/2009,89.87,73.3,95.97
12-Aug-09,8/12/2009,82.37,69.5,86.4
13-Aug-09,8/13/2009,80.2,68,83.35
14-Aug-09,8/14/2009,87.67,66.83,93.47
15-Aug-09,8/15/2009,88.63,68,92.73
16-Aug-09,8/16/2009,88.73,68.33,92.17
17-Aug-09,8/17/2009,90.87,68.33,95.37
18-Aug-09,8/18/2009,89.4,68.27,96.43
19-Aug-09,8/19/2009,87.17,73.07,93.63
20-Aug-09,8/20/2009,88.77,72.3,98
21-Aug-09,8/21/2009,88.33,75.13,97.47
22-Aug-09,8/22/2009,81.63,70.83,86.93
23-Aug-09,8/23/2009,84.13,69,89.43
24-Aug-09,8/24/2009,82.77,67.6,84.57
25-Aug-09,8/25/2009,85.63,65.33,89.23
26-Aug-09,8/26/2009,89.13,66.23,93.57
27-Aug-09,8/27/2009,82.7,67.87,85.7
28-Aug-09,8/28/2009,77.03,68.63,Missing
29-Aug-09,8/29/2009,78.97,68.07,Missing
30-Aug-09,8/30/2009,82.97,61.33,84.87
31-Aug-09,8/31/2009,72.1,59.7,Missing
1-Sep-09,9/1/2009,70.87,58.4,Missing
2-Sep-09,9/2/2009,74.4,57.87,Missing
3-Sep-09,9/3/2009,77.83,56.73,Missing
4-Sep-09,9/4/2009,77.23,61.97,Missing
5-Sep-09,9/5/2009,82.3,65.77,83.4
6-Sep-09,9/6/2009,75.4,62.77,Missing
7-Sep-09,9/7/2009,76.6,61,Missing
8-Sep-09,9/8/2009,76.23,61.17,Missing
9-Sep-09,9/9/2009,71.5,61.97,Missing
10-Sep-09,9/10/2009,72.53,59.1,Missing
11-Sep-09,9/11/2009,70.47,60,Missing
12-Sep-09,9/12/2009,70.9,63.9,Missing
13-Sep-09,9/13/2009,80.13,61.8,82
14-Sep-09,9/14/2009,79.57,57.47,81.3
15-Sep-09,9/15/2009,82.33,63.4,83.43
16-Sep-09,9/16/2009,70.97,59.1,Missing
17-Sep-09,9/17/2009,65.7,58.83,Missing
18-Sep-09,9/18/2009,75.83,58.1,Missing
19-Sep-09,9/19/2009,68.87,52.07,Missing
20-Sep-09,9/20/2009,72,47.53,Missing
21-Sep-09,9/21/2009,76.6,49.47,Missing
22-Sep-09,9/22/2009,80.8,57.53,82.83
23-Sep-09,9/23/2009,80.73,67.8,84.3
24-Sep-09,9/24/2009,85.07,67.2,87.83
25-Sep-09,9/25/2009,69.73,56.03,Missing
26-Sep-09,9/26/2009,68,54.33,Missing
27-Sep-09,9/27/2009,75.3,59.07,Missing
28-Sep-09,9/28/2009,76.43,54.17,Missing
29-Sep-09,9/29/2009,65.43,48.53,Missing
30-Sep-09,9/30/2009,59.17,50.13,Missing
1-Oct-09,10/1/2009,60.93,48.4,Missing
2-Oct-09,10/2/2009,69.07,50.7,Missing
3-Oct-09,10/3/2009,75.77,60.53,Missing
4-Oct-09,10/4/2009,72.47,53.57,Missing
5-Oct-09,10/5/2009,66.5,47.7,Missing
6-Oct-09,10/6/2009,69.23,44.6,Missing
7-Oct-09,10/7/2009,70.6,48.83,Missing
8-Oct-09,10/8/2009,66.43,44.73,Missing
9-Oct-09,10/9/2009,77.13,54.53,Missing
10-Oct-09,10/10/2009,67.53,44.87,Missing
11-Oct-09,10/11/2009,63.5,42.83,Missing
12-Oct-09,10/12/2009,57.53,38.23,Missing
13-Oct-09,10/13/2009,63.83,46.43,Missing
14-Oct-09,10/14/2009,54.53,38.27,Missing
15-Oct-09,10/15/2009,47.07,43,Missing
16-Oct-09,10/16/2009,43,41.17,Missing
17-Oct-09,10/17/2009,46.8,42.37,Missing
18-Oct-09,10/18/2009,48.17,39.9,Missing
19-Oct-09,10/19/2009,55.43,33.4,Missing
20-Oct-09,10/20/2009,64.3,34.3,Missing
21-Oct-09,10/21/2009,68.23,45.83,Missing
22-Oct-09,10/22/2009,71,48.43,Missing
23-Oct-09,10/23/2009,63,54.37,Missing
24-Oct-09,10/24/2009,73.87,57.57,Missing
25-Oct-09,10/25/2009,62.03,43.57,Missing
26-Oct-09,10/26/2009,60.87,39.87,Missing
27-Oct-09,10/27/2009,59.53,42.23,Missing
28-Oct-09,10/28/2009,58.83,50.33,Missing
29-Oct-09,10/29/2009,57.47,51.13,Missing
30-Oct-09,10/30/2009,59.57,50.47,Missing
31-Oct-09,10/31/2009,70.93,53.77,Missing
1-Nov-09,11/1/2009,59.3,49.47,Missing
2-Nov-09,11/2/2009,53.73,48.4,Missing
3-Nov-09,11/3/2009,59.3,43.03,Missing
4-Nov-09,11/4/2009,49.9,40.83,Missing
5-Nov-09,11/5/2009,52.47,38.47,Missing
6-Nov-09,11/6/2009,48.07,33.13,Missing
7-Nov-09,11/7/2009,51.43,30.03,Missing
8-Nov-09,11/8/2009,64.13,37.63,Missing
9-Nov-09,11/9/2009,64.23,42.23,Missing
10-Nov-09,11/10/2009,67.8,48.5,Missing
11-Nov-09,11/11/2009,54.83,46,Missing
12-Nov-09,11/12/2009,48.3,44.97,Missing
13-Nov-09,11/13/2009,53.27,47.43,Missing
14-Nov-09,11/14/2009,61.07,52.67,Missing
15-Nov-09,11/15/2009,68.6,56.47,Missing
16-Nov-09,11/16/2009,59.77,41.7,Missing
17-Nov-09,11/17/2009,54.6,37.07,Missing
18-Nov-09,11/18/2009,56.57,37.03,Missing
19-Nov-09,11/19/2009,63.03,42.53,Missing
20-Nov-09,11/20/2009,57.27,42.07,Missing
21-Nov-09,11/21/2009,54.97,37.93,Missing
22-Nov-09,11/22/2009,54.63,36.2,Missing
23-Nov-09,11/23/2009,51.3,42.2,Missing
24-Nov-09,11/24/2009,53.2,49.03,Missing
25-Nov-09,11/25/2009,55.97,49.93,Missing
26-Nov-09,11/26/2009,56.97,47.13,Missing
27-Nov-09,11/27/2009,48.63,40.67,Missing
28-Nov-09,11/28/2009,51.03,36.47,Missing
29-Nov-09,11/29/2009,54.63,31.7,Missing
30-Nov-09,11/30/2009,54.83,41.23,Missing
1-Dec-09,12/1/2009,46.77,34.97,Missing
2-Dec-09,12/2/2009,56.87,32.7,Missing
3-Dec-09,12/3/2009,62.93,47.03,Missing
4-Dec-09,12/4/2009,49.8,38.07,Missing
5-Dec-09,12/5/2009,42.3,34.6,Missing
6-Dec-09,12/6/2009,35.13,26.87,Missing
7-Dec-09,12/7/2009,36.93,27.4,Missing
8-Dec-09,12/8/2009,39.3,27.7,Missing
9-Dec-09,12/9/2009,57.37,34,Missing
10-Dec-09,12/10/2009,47.07,27.33,Missing
11-Dec-09,12/11/2009,29.6,20,Missing
12-Dec-09,12/12/2009,33.33,18.4,Missing
13-Dec-09,12/13/2009,38.4,23.53,Missing
14-Dec-09,12/14/2009,45.73,30.87,Missing
15-Dec-09,12/15/2009,52.9,35.7,Missing
16-Dec-09,12/16/2009,39.9,28.3,Missing
17-Dec-09,12/17/2009,32.4,25.83,Missing
18-Dec-09,12/18/2009,30.67,22.67,Missing
19-Dec-09,12/19/2009,28.93,24.83,Missing
20-Dec-09,12/20/2009,29.17,14.67,Missing
21-Dec-09,12/21/2009,31.4,14.27,Missing
22-Dec-09,12/22/2009,32.77,22.93,Missing
23-Dec-09,12/23/2009,26.97,16.13,Missing
24-Dec-09,12/24/2009,31.1,16.97,Missing
25-Dec-09,12/25/2009,36.53,23.73,Missing
26-Dec-09,12/26/2009,41,36.53,Missing
27-Dec-09,12/27/2009,46.73,33.1,Missing
28-Dec-09,12/28/2009,37.73,28.57,Missing
29-Dec-09,12/29/2009,30.73,19.37,Missing
30-Dec-09,12/30/2009,30.13,16.83,Missing
31-Dec-09,12/31/2009,33,27.53,Missing
1-Jan-10,1/1/2010,33.77,29.57,Missing
2-Jan-10,1/2/2010,29.57,17.5,Missing
3-Jan-10,1/3/2010,21.87,15.17,Missing
4-Jan-10,1/4/2010,28.03,19.37,Missing
5-Jan-10,1/5/2010,29.5,21.87,Missing
6-Jan-10,1/6/2010,33.2,25.43,Missing
7-Jan-10,1/7/2010,35.2,24.2,Missing
8-Jan-10,1/8/2010,31.7,24.23,Missing
9-Jan-10,1/9/2010,27.2,16.67,Missing
10-Jan-10,1/10/2010,25.6,12.4,Missing
11-Jan-10,1/11/2010,29.1,15.27,Missing
12-Jan-10,1/12/2010,30.37,22.37,Missing
13-Jan-10,1/13/2010,30.97,20.6,Missing
14-Jan-10,1/14/2010,35.83,22,Missing
15-Jan-10,1/15/2010,38.9,24.03,Missing
16-Jan-10,1/16/2010,44.1,29.27,Missing
17-Jan-10,1/17/2010,40.27,30.03,Missing
18-Jan-10,1/18/2010,48.4,35.8,Missing
19-Jan-10,1/19/2010,43.8,32,Missing
20-Jan-10,1/20/2010,39.43,28.83,Missing
21-Jan-10,1/21/2010,39.93,27.4,Missing
22-Jan-10,1/22/2010,41.27,27.1,Missing
23-Jan-10,1/23/2010,40.17,26.5,Missing
24-Jan-10,1/24/2010,43.77,27.1,Missing
25-Jan-10,1/25/2010,60.33,43.5,Missing
26-Jan-10,1/26/2010,43.57,31.33,Missing
27-Jan-10,1/27/2010,37.8,30.5,Missing
28-Jan-10,1/28/2010,41.03,20.8,Missing
29-Jan-10,1/29/2010,24.67,17.33,Missing
30-Jan-10,1/30/2010,20.07,15.73,Missing
31-Jan-10,1/31/2010,25.7,9.27,Missing
1-Feb-10,2/1/2010,31.13,13.27,Missing
2-Feb-10,2/2/2010,33.8,19.57,Missing
3-Feb-10,2/3/2010,35.5,29.17,Missing
4-Feb-10,2/4/2010,34.53,25.9,Missing
5-Feb-10,2/5/2010,36.87,25.17,Missing
6-Feb-10,2/6/2010,29.67,12.83,Missing
7-Feb-10,2/7/2010,28.9,4.07,Missing
8-Feb-10,2/8/2010,28.73,8.93,Missing
9-Feb-10,2/9/2010,31.9,10.8,Missing
10-Feb-10,2/10/2010,32.3,28.13,Missing
11-Feb-10,2/11/2010,32.17,17.87,Missing
12-Feb-10,2/12/2010,31.37,10.9,Missing
13-Feb-10,2/13/2010,30.47,13.43,Missing
14-Feb-10,2/14/2010,32.77,18.83,Missing
15-Feb-10,2/15/2010,33.5,16.53,Missing
16-Feb-10,2/16/2010,32.23,23.23,Missing
17-Feb-10,2/17/2010,32.5,21.07,Missing
18-Feb-10,2/18/2010,35.87,25.07,Missing
19-Feb-10,2/19/2010,38.27,27.33,Missing
20-Feb-10,2/20/2010,39.2,25.57,Missing
21-Feb-10,2/21/2010,40.5,24.4,Missing
22-Feb-10,2/22/2010,37.97,25.57,Missing
23-Feb-10,2/23/2010,37,33.33,Missing
24-Feb-10,2/24/2010,44.17,33.97,Missing
25-Feb-10,2/25/2010,36.47,27.5,Missing
26-Feb-10,2/26/2010,32.4,25.77,Missing
27-Feb-10,2/27/2010,35.27,24.37,Missing
28-Feb-10,2/28/2010,37.57,29.23,Missing
1-Mar-10,3/1/2010,43.27,27.83,Missing
2-Mar-10,3/2/2010,43.23,28.77,Missing
3-Mar-10,3/3/2010,39.47,33.77,Missing
4-Mar-10,3/4/2010,40.53,32.93,Missing
5-Mar-10,3/5/2010,43.93,31.6,Missing
6-Mar-10,3/6/2010,48.8,26.33,Missing
7-Mar-10,3/7/2010,53.2,30.27,Missing
8-Mar-10,3/8/2010,56.17,31.27,Missing
9-Mar-10,3/9/2010,58.87,33.6,Missing
10-Mar-10,3/10/2010,56.5,35.8,Missing
11-Mar-10,3/11/2010,58.3,37.17,Missing
12-Mar-10,3/12/2010,48.1,42.53,Missing
13-Mar-10,3/13/2010,47.87,42.27,Missing
14-Mar-10,3/14/2010,56.6,43.3,Missing
15-Mar-10,3/15/2010,48.13,41.6,Missing
16-Mar-10,3/16/2010,58.97,40.2,Missing
17-Mar-10,3/17/2010,61.9,35.3,Missing
18-Mar-10,3/18/2010,65.07,37.73,Missing
19-Mar-10,3/19/2010,67.27,40.1,Missing
20-Mar-10,3/20/2010,68.57,42.37,Missing
21-Mar-10,3/21/2010,68.33,43.5,Missing
22-Mar-10,3/22/2010,62.5,50.37,Missing
23-Mar-10,3/23/2010,56.33,45.7,Missing
24-Mar-10,3/24/2010,58.13,40.1,Missing
25-Mar-10,3/25/2010,64.77,38.2,Missing
26-Mar-10,3/26/2010,53.77,32.27,Missing
27-Mar-10,3/27/2010,45.4,28.77,Missing
28-Mar-10,3/28/2010,51.43,29.53,Missing
29-Mar-10,3/29/2010,60.07,50.5,Missing
30-Mar-10,3/30/2010,51.37,40.97,Missing
31-Mar-10,3/31/2010,60.37,41.17,Missing
1-Apr-10,4/1/2010,66.53,42.93,Missing
2-Apr-10,4/2/2010,65.77,43.47,Missing
3-Apr-10,4/3/2010,66.33,41.23,Missing
4-Apr-10,4/4/2010,70.53,46.37,Missing
5-Apr-10,4/5/2010,72.63,49.6,Missing
6-Apr-10,4/6/2010,81.9,54.4,83.27
7-Apr-10,4/7/2010,83.13,58.6,82.93
8-Apr-10,4/8/2010,81.83,57.37,83.5
9-Apr-10,4/9/2010,61.7,41.33,Missing
10-Apr-10,4/10/2010,57.2,37.93,Missing
11-Apr-10,4/11/2010,70.83,39.7,Missing
12-Apr-10,4/12/2010,63.13,44.77,Missing
13-Apr-10,4/13/2010,56,41.93,Missing
14-Apr-10,4/14/2010,61.1,37.8,Missing
15-Apr-10,4/15/2010,69.37,39.67,Missing
16-Apr-10,4/16/2010,74.43,47.13,Missing
17-Apr-10,4/17/2010,58.03,41.13,Missing
18-Apr-10,4/18/2010,52.87,38.63,Missing
19-Apr-10,4/19/2010,57.97,41.67,Missing
20-Apr-10,4/20/2010,65.8,39.8,Missing
21-Apr-10,4/21/2010,66.93,44.1,Missing
22-Apr-10,4/22/2010,68.27,47.9,Missing
23-Apr-10,4/23/2010,62,43.2,Missing
24-Apr-10,4/24/2010,64.7,38.9,Missing
25-Apr-10,4/25/2010,56,44.17,Missing
26-Apr-10,4/26/2010,59.8,48.1,Missing
27-Apr-10,4/27/2010,57.9,36.9,Missing
28-Apr-10,4/28/2010,52.7,33.97,Missing
29-Apr-10,4/29/2010,63.87,36.4,Missing
30-Apr-10,4/30/2010,76.43,44.7,Missing
1-May-10,5/1/2010,85.37,55.3,85.67
2-May-10,5/2/2010,86.4,63.33,93.8
3-May-10,5/3/2010,81.93,66.3,85.07
4-May-10,5/4/2010,76.27,57.57,Missing
5-May-10,5/5/2010,76.23,53.43,Missing
6-May-10,5/6/2010,78.37,51.1,Missing
7-May-10,5/7/2010,71,46.57,Missing
8-May-10,5/8/2010,73.33,48.03,Missing
9-May-10,5/9/2010,52.37,41.57,Missing
10-May-10,5/10/2010,56.23,38.1,Missing
11-May-10,5/11/2010,58.67,34.57,Missing
12-May-10,5/12/2010,59.93,45.8,Missing
13-May-10,5/13/2010,63.2,43.73,Missing
14-May-10,5/14/2010,81.43,52.23,84.7
15-May-10,5/15/2010,70.27,52.27,Missing
16-May-10,5/16/2010,67.53,51.13,Missing
17-May-10,5/17/2010,68.37,50.03,Missing
18-May-10,5/18/2010,53.53,48.6,Missing
19-May-10,5/19/2010,64.6,48.6,Missing
20-May-10,5/20/2010,77.37,54.33,Missing
21-May-10,5/21/2010,82.7,55.23,83.7
22-May-10,5/22/2010,73.97,56.33,Missing
23-May-10,5/23/2010,72.7,58.5,Missing
24-May-10,5/24/2010,74.37,60.8,Missing
25-May-10,5/25/2010,80.97,60.27,84.23
26-May-10,5/26/2010,87.97,59.57,94.43
27-May-10,5/27/2010,84.57,61.17,90.47
28-May-10,5/28/2010,75.37,57.13,Missing
29-May-10,5/29/2010,80.17,57.07,83.4
30-May-10,5/30/2010,82.33,65.8,83.1
31-May-10,5/31/2010,85.67,63.4,92.87
1-Jun-10,6/1/2010,83.37,68.7,87.13
2-Jun-10,6/2/2010,85.57,66.77,90.8
3-Jun-10,6/3/2010,86.73,64.5,91.57
4-Jun-10,6/4/2010,85.6,66.93,89.63
5-Jun-10,6/5/2010,86.73,70.67,91.2
6-Jun-10,6/6/2010,89.57,60.73,96.2
7-Jun-10,6/7/2010,73,52.87,Missing
8-Jun-10,6/8/2010,71.33,52.93,Missing
9-Jun-10,6/9/2010,67.5,52.87,Missing
10-Jun-10,6/10/2010,80.47,59.8,82.13
11-Jun-10,6/11/2010,75.7,59.03,Missing
12-Jun-10,6/12/2010,83.53,58.13,90
13-Jun-10,6/13/2010,86.67,66.27,94.6
14-Jun-10,6/14/2010,82.2,63.27,87.17
15-Jun-10,6/15/2010,77.6,62.93,Missing
16-Jun-10,6/16/2010,78.47,62.27,Missing
17-Jun-10,6/17/2010,76.53,63.17,Missing
18-Jun-10,6/18/2010,79.4,58.17,Missing
19-Jun-10,6/19/2010,83.37,63.97,87.6
20-Jun-10,6/20/2010,89.43,66.53,96.43
21-Jun-10,6/21/2010,87.93,67.57,92.33
22-Jun-10,6/22/2010,87.27,66.73,92.53
23-Jun-10,6/23/2010,91.17,70.2,99.23
24-Jun-10,6/24/2010,92.43,69.9,100.07
25-Jun-10,6/25/2010,85.67,66.83,88.93
26-Jun-10,6/26/2010,87.63,64.67,92
27-Jun-10,6/27/2010,91.53,69.7,101.17
28-Jun-10,6/28/2010,92.7,76.2,101.17
29-Jun-10,6/29/2010,86.33,64.7,88.93
30-Jun-10,6/30/2010,75.43,58.7,Missing
1-Jul-10,7/1/2010,75.53,56.57,Missing
2-Jul-10,7/2/2010,77.13,52.1,Missing
3-Jul-10,7/3/2010,83.93,54.9,83.7
4-Jul-10,7/4/2010,89.93,58.93,91.6
5-Jul-10,7/5/2010,95.23,63.87,103.53
6-Jul-10,7/6/2010,96.5,73.23,103.03
7-Jul-10,7/7/2010,96.27,73.9,103.37
8-Jul-10,7/8/2010,90.97,72.6,100.57
9-Jul-10,7/9/2010,85.37,72.33,91
10-Jul-10,7/10/2010,80.2,70.3,83.85
11-Jul-10,7/11/2010,88.8,68.77,92.23
12-Jul-10,7/12/2010,88.43,67.23,92.7
13-Jul-10,7/13/2010,83.73,72.77,91.3
14-Jul-10,7/14/2010,80.7,71.67,85.6
15-Jul-10,7/15/2010,87.6,70.5,94.93
16-Jul-10,7/16/2010,92.27,71.93,103.6
17-Jul-10,7/17/2010,91.27,73.33,97.33
18-Jul-10,7/18/2010,90.73,71.5,95.03
19-Jul-10,7/19/2010,91.07,76.07,99.4
20-Jul-10,7/20/2010,85.03,72.73,88.53
21-Jul-10,7/21/2010,88.77,73.57,95.73
22-Jul-10,7/22/2010,88.73,71.17,89.7
23-Jul-10,7/23/2010,93.63,70.37,103
24-Jul-10,7/24/2010,97.33,78.57,110.3
25-Jul-10,7/25/2010,95.17,69.17,105.43
26-Jul-10,7/26/2010,83.9,64.47,83.53
27-Jul-10,7/27/2010,88.27,63.33,88.3
28-Jul-10,7/28/2010,91.73,66.47,99.2
29-Jul-10,7/29/2010,90.33,71.23,96.23
30-Jul-10,7/30/2010,82.23,62.87,81.7
31-Jul-10,7/31/2010,84.17,61.8,83.67
1-Aug-10,8/1/2010,82,67.47,82.8
2-Aug-10,8/2/2010,83.37,65.13,84.63
3-Aug-10,8/3/2010,86.27,67.8,89.8
4-Aug-10,8/4/2010,90.8,71.77,99.9
5-Aug-10,8/5/2010,94.1,76.53,99.67
6-Aug-10,8/6/2010,88.77,65.83,89.33
7-Aug-10,8/7/2010,86.3,63.47,84.17
8-Aug-10,8/8/2010,89.03,68.37,88.2
9-Aug-10,8/9/2010,93.83,66.23,96.37
10-Aug-10,8/10/2010,94.5,69.87,99.83
11-Aug-10,8/11/2010,94.23,73.5,98.13
12-Aug-10,8/12/2010,83.4,70.8,87.03
13-Aug-10,8/13/2010,77.9,67.43,Missing
14-Aug-10,8/14/2010,80.77,65.97,80.9
15-Aug-10,8/15/2010,78.93,68.27,Missing
16-Aug-10,8/16/2010,91.67,69.8,102.83
17-Aug-10,8/17/2010,90.6,71.03,91.7
18-Aug-10,8/18/2010,76.03,68.43,Missing
19-Aug-10,8/19/2010,87.6,65.7,89.27
20-Aug-10,8/20/2010,90.7,65.67,90.6
21-Aug-10,8/21/2010,88.87,61.3,89.27
22-Aug-10,8/22/2010,81.83,69.53,85.87
23-Aug-10,8/23/2010,79.37,63.67,82.6
24-Aug-10,8/24/2010,68.2,62.3,Missing
25-Aug-10,8/25/2010,76.97,63.77,Missing
26-Aug-10,8/26/2010,85.33,60.3,85.53
27-Aug-10,8/27/2010,78.73,54.3,Missing
28-Aug-10,8/28/2010,82.7,54.97,81.5
29-Aug-10,8/29/2010,92.67,57.57,92.97
30-Aug-10,8/30/2010,92.63,63.7,91.27
31-Aug-10,8/31/2010,94.8,64.6,96.17
1-Sep-10,9/1/2010,95.6,70.53,97.3
2-Sep-10,9/2/2010,96.83,67.57,98.4
3-Sep-10,9/3/2010,93.43,67.7,96.57
4-Sep-10,9/4/2010,80.67,55.27,79.75
5-Sep-10,9/5/2010,77.93,51.23,Missing
6-Sep-10,9/6/2010,84.63,52.37,82.47
7-Sep-10,9/7/2010,91.7,57.53,90.23
8-Sep-10,9/8/2010,89.07,62.27,86.5
9-Sep-10,9/9/2010,75.27,55.1,Missing
10-Sep-10,9/10/2010,73.63,57.83,Missing
11-Sep-10,9/11/2010,78.17,53.3,Missing
12-Sep-10,9/12/2010,68.13,52.63,Missing
13-Sep-10,9/13/2010,81.47,55.97,80.6
14-Sep-10,9/14/2010,80.73,55.3,79.7
15-Sep-10,9/15/2010,75.73,51.07,Missing
16-Sep-10,9/16/2010,86.23,50.57,87.97
17-Sep-10,9/17/2010,76.67,63.93,Missing
18-Sep-10,9/18/2010,72.17,60.17,Missing
19-Sep-10,9/19/2010,82.33,56.5,82.07
20-Sep-10,9/20/2010,73.93,50.13,Missing
21-Sep-10,9/21/2010,77.5,45.53,Missing
22-Sep-10,9/22/2010,90.6,56.17,91.67
23-Sep-10,9/23/2010,84.53,66.27,85.5
24-Sep-10,9/24/2010,92.6,63.63,96.6
25-Sep-10,9/25/2010,88.7,62.83,87.93
26-Sep-10,9/26/2010,74.3,57.67,Missing
27-Sep-10,9/27/2010,76.9,64.33,Missing
28-Sep-10,9/28/2010,79.4,67.13,Missing
29-Sep-10,9/29/2010,76.33,62.6,Missing
30-Sep-10,9/30/2010,80.37,67.3,85.2
1-Oct-10,10/1/2010,73,50.83,Missing
2-Oct-10,10/2/2010,66,47,Missing
3-Oct-10,10/3/2010,62.6,45.23,Missing
4-Oct-10,10/4/2010,56.13,51.37,Missing
5-Oct-10,10/5/2010,57.23,48.9,Missing
6-Oct-10,10/6/2010,59.63,47.7,Missing
7-Oct-10,10/7/2010,69.17,44,Missing
8-Oct-10,10/8/2010,69.37,46.5,Missing
9-Oct-10,10/9/2010,72.47,47.7,Missing
10-Oct-10,10/10/2010,69.3,42.63,Missing
11-Oct-10,10/11/2010,78.17,55.27,Missing
12-Oct-10,10/12/2010,73.5,51.47,Missing
13-Oct-10,10/13/2010,62,44,Missing
14-Oct-10,10/14/2010,58.67,41.1,Missing
15-Oct-10,10/15/2010,59.47,45.57,Missing
16-Oct-10,10/16/2010,59.97,41.33,Missing
17-Oct-10,10/17/2010,68.33,38.63,Missing
18-Oct-10,10/18/2010,59.13,42,Missing
19-Oct-10,10/19/2010,60.8,45.63,Missing
20-Oct-10,10/20/2010,60.67,41.43,Missing
21-Oct-10,10/21/2010,63,39.83,Missing
22-Oct-10,10/22/2010,51.77,38.53,Missing
23-Oct-10,10/23/2010,62.5,35.5,Missing
24-Oct-10,10/24/2010,71.97,53.13,Missing
25-Oct-10,10/25/2010,74.37,48.7,Missing
26-Oct-10,10/26/2010,77.23,58.93,Missing
27-Oct-10,10/27/2010,76,63.8,Missing
28-Oct-10,10/28/2010,72.7,49.8,Missing
29-Oct-10,10/29/2010,55.27,40.37,Missing
30-Oct-10,10/30/2010,55.97,34.37,Missing
31-Oct-10,10/31/2010,58.03,39.1,Missing
1-Nov-10,11/1/2010,47.6,33.03,Missing
2-Nov-10,11/2/2010,48.43,29.37,Missing
3-Nov-10,11/3/2010,51.77,31.37,Missing
4-Nov-10,11/4/2010,52.67,45.67,Missing
5-Nov-10,11/5/2010,51.2,38.83,Missing
6-Nov-10,11/6/2010,50.4,33.67,Missing
7-Nov-10,11/7/2010,48,33.37,Missing
8-Nov-10,11/8/2010,51.83,31.63,Missing
9-Nov-10,11/9/2010,56.3,35.37,Missing
10-Nov-10,11/10/2010,54.67,38.7,Missing
11-Nov-10,11/11/2010,52.37,33.07,Missing
12-Nov-10,11/12/2010,56.67,30.5,Missing
13-Nov-10,11/13/2010,59.1,32.23,Missing
14-Nov-10,11/14/2010,58.17,34.7,Missing
15-Nov-10,11/15/2010,58.6,39.93,Missing
16-Nov-10,11/16/2010,56.23,46.03,Missing
17-Nov-10,11/17/2010,59.67,42.37,Missing
18-Nov-10,11/18/2010,55.83,36.3,Missing
19-Nov-10,11/19/2010,48.3,32.93,Missing
20-Nov-10,11/20/2010,55.27,31.43,Missing
21-Nov-10,11/21/2010,49,30.6,Missing
22-Nov-10,11/22/2010,60.1,37.83,Missing
23-Nov-10,11/23/2010,66.63,42.6,Missing
24-Nov-10,11/24/2010,48.23,34.7,Missing
25-Nov-10,11/25/2010,42.5,34.57,Missing
26-Nov-10,11/26/2010,55,33.3,Missing
27-Nov-10,11/27/2010,39.5,27.63,Missing
28-Nov-10,11/28/2010,42.93,31.8,Missing
29-Nov-10,11/29/2010,44.73,28.53,Missing
30-Nov-10,11/30/2010,56.57,33.7,Missing
1-Dec-10,12/1/2010,62.8,33.93,Missing
2-Dec-10,12/2/2010,37.67,30.97,Missing
3-Dec-10,12/3/2010,38.33,30.9,Missing
4-Dec-10,12/4/2010,38.17,28.23,Missing
5-Dec-10,12/5/2010,34.27,29.8,Missing
6-Dec-10,12/6/2010,34.1,28.1,Missing
7-Dec-10,12/7/2010,33.83,25.6,Missing
8-Dec-10,12/8/2010,32.53,23.73,Missing
9-Dec-10,12/9/2010,29.77,21.47,Missing
10-Dec-10,12/10/2010,32.53,19.8,Missing
11-Dec-10,12/11/2010,38.4,27.27,Missing
12-Dec-10,12/12/2010,53.3,33.3,Missing
13-Dec-10,12/13/2010,45.5,22.03,Missing
14-Dec-10,12/14/2010,24.3,19.83,Missing
15-Dec-10,12/15/2010,29.83,22.37,Missing
16-Dec-10,12/16/2010,29.3,19.87,Missing
17-Dec-10,12/17/2010,30.97,19.47,Missing
18-Dec-10,12/18/2010,31.5,19.73,Missing
19-Dec-10,12/19/2010,30.97,25.17,Missing
20-Dec-10,12/20/2010,32,22.03,Missing
21-Dec-10,12/21/2010,33.5,24.03,Missing
22-Dec-10,12/22/2010,33.2,22.9,Missing
23-Dec-10,12/23/2010,35,26.23,Missing
24-Dec-10,12/24/2010,34.63,25.97,Missing
25-Dec-10,12/25/2010,30.4,25.7,Missing
26-Dec-10,12/26/2010,30.97,22.6,Missing
27-Dec-10,12/27/2010,25.5,15.47,Missing
28-Dec-10,12/28/2010,31.2,14.3,Missing
29-Dec-10,12/29/2010,31.97,18.07,Missing
30-Dec-10,12/30/2010,31.87,18.57,Missing
31-Dec-10,12/31/2010,36.9,26.3,Missing
1-Jan-11,1/1/2011,39.67,29.8,Missing
2-Jan-11,1/2/2011,43.23,29.33,Missing
3-Jan-11,1/3/2011,34.37,25.43,Missing
4-Jan-11,1/4/2011,38.4,26.1,Missing
5-Jan-11,1/5/2011,36.03,26.67,Missing
6-Jan-11,1/6/2011,32.37,24.8,Missing
7-Jan-11,1/7/2011,32.07,24.17,Missing
8-Jan-11,1/8/2011,27.47,22.7,Missing
9-Jan-11,1/9/2011,30,20.27,Missing
10-Jan-11,1/10/2011,29.37,17.63,Missing
11-Jan-11,1/11/2011,29.9,18.23,Missing
12-Jan-11,1/12/2011,28.53,20.37,Missing
13-Jan-11,1/13/2011,27.17,11.07,Missing
14-Jan-11,1/14/2011,25.7,9.4,Missing
15-Jan-11,1/15/2011,32.33,16.2,Missing
16-Jan-11,1/16/2011,31,21.43,Missing
17-Jan-11,1/17/2011,26.37,17.33,Missing
18-Jan-11,1/18/2011,34.77,26.33,Missing
19-Jan-11,1/19/2011,35.57,29.8,Missing
20-Jan-11,1/20/2011,33.87,28.43,Missing
21-Jan-11,1/21/2011,31.67,16.7,Missing
22-Jan-11,1/22/2011,21.47,12.8,Missing
23-Jan-11,1/23/2011,22,10.5,Missing
24-Jan-11,1/24/2011,22.33,9.4,Missing
25-Jan-11,1/25/2011,34.43,21.87,Missing
26-Jan-11,1/26/2011,32.07,24.83,Missing
27-Jan-11,1/27/2011,32.37,21.4,Missing
28-Jan-11,1/28/2011,31.73,20.2,Missing
29-Jan-11,1/29/2011,31.07,24.1,Missing
30-Jan-11,1/30/2011,33.03,22.9,Missing
31-Jan-11,1/31/2011,27.57,15.07,Missing
1-Feb-11,2/1/2011,33,23.3,Missing
2-Feb-11,2/2/2011,35.43,26.93,Missing
3-Feb-11,2/3/2011,28.5,16.43,Missing
4-Feb-11,2/4/2011,32.43,13.53,Missing
5-Feb-11,2/5/2011,35.17,21.13,Missing
6-Feb-11,2/6/2011,38.5,26.6,Missing
7-Feb-11,2/7/2011,39.97,25.27,Missing
8-Feb-11,2/8/2011,36.4,19.67,Missing
9-Feb-11,2/9/2011,28.77,15.9,Missing
10-Feb-11,2/10/2011,25.5,16.67,Missing
11-Feb-11,2/11/2011,35.2,15.97,Missing
12-Feb-11,2/12/2011,35.8,20.53,Missing
13-Feb-11,2/13/2011,42.8,26.7,Missing
14-Feb-11,2/14/2011,55.3,33.57,Missing
15-Feb-11,2/15/2011,37,24.93,Missing
16-Feb-11,2/16/2011,46.33,24.53,Missing
17-Feb-11,2/17/2011,61.73,36.53,Missing
18-Feb-11,2/18/2011,67.37,40.7,Missing
19-Feb-11,2/19/2011,48.33,26.7,Missing
20-Feb-11,2/20/2011,41.8,23.67,Missing
21-Feb-11,2/21/2011,36.1,25.63,Missing
22-Feb-11,2/22/2011,33.07,21.67,Missing
23-Feb-11,2/23/2011,38.4,19.53,Missing
24-Feb-11,2/24/2011,42.27,23.03,Missing
25-Feb-11,2/25/2011,54.8,29.93,Missing
26-Feb-11,2/26/2011,39.83,29.37,Missing
27-Feb-11,2/27/2011,50.77,30.8,Missing
28-Feb-11,2/28/2011,64.77,34.07,Missing
1-Mar-11,3/1/2011,45.3,29.33,Missing
2-Mar-11,3/2/2011,52.3,27.73,Missing
3-Mar-11,3/3/2011,33.5,21.97,Missing
4-Mar-11,3/4/2011,41.77,24.73,Missing
5-Mar-11,3/5/2011,59.53,30.93,Missing
6-Mar-11,3/6/2011,58.63,45.93,Missing
7-Mar-11,3/7/2011,50.3,31.03,Missing
8-Mar-11,3/8/2011,45.7,29.93,Missing
9-Mar-11,3/9/2011,43.43,28.47,Missing
10-Mar-11,3/10/2011,54.83,38.83,Missing
11-Mar-11,3/11/2011,52.5,40.1,Missing
12-Mar-11,3/12/2011,52.67,37.4,Missing
13-Mar-11,3/13/2011,49.57,37.83,Missing
14-Mar-11,3/14/2011,44.5,36.73,Missing
15-Mar-11,3/15/2011,46.87,36.37,Missing
16-Mar-11,3/16/2011,57.53,39.4,Missing
17-Mar-11,3/17/2011,60.83,41.87,Missing
18-Mar-11,3/18/2011,72.47,42.63,Missing
19-Mar-11,3/19/2011,56.13,38.9,Missing
20-Mar-11,3/20/2011,47.33,34.8,Missing
21-Mar-11,3/21/2011,56.93,35.7,Missing
22-Mar-11,3/22/2011,52.73,41.33,Missing
23-Mar-11,3/23/2011,44.43,34.93,Missing
24-Mar-11,3/24/2011,39.57,29.33,Missing
25-Mar-11,3/25/2011,41.23,25.87,Missing
26-Mar-11,3/26/2011,37.3,26.2,Missing
27-Mar-11,3/27/2011,40.53,25.7,Missing
28-Mar-11,3/28/2011,42.2,23.4,Missing
29-Mar-11,3/29/2011,46.27,26.07,Missing
30-Mar-11,3/30/2011,49.1,28.57,Missing
31-Mar-11,3/31/2011,44.23,37.97,Missing
1-Apr-11,4/1/2011,44.97,36.73,Missing
2-Apr-11,4/2/2011,50.97,32.2,Missing
3-Apr-11,4/3/2011,56.1,34.67,Missing
4-Apr-11,4/4/2011,71.33,44.1,Missing
5-Apr-11,4/5/2011,56.27,36.57,Missing
6-Apr-11,4/6/2011,55.67,33.73,Missing
7-Apr-11,4/7/2011,59.33,41.8,Missing
8-Apr-11,4/8/2011,50.3,40.13,Missing
9-Apr-11,4/9/2011,58.37,37.97,Missing
10-Apr-11,4/10/2011,62.17,45,Missing
11-Apr-11,4/11/2011,79.77,45.33,83.4
12-Apr-11,4/12/2011,66.57,46.27,Missing
13-Apr-11,4/13/2011,57.87,45.57,Missing
14-Apr-11,4/14/2011,65.93,46.73,Missing
15-Apr-11,4/15/2011,58,39.73,Missing
16-Apr-11,4/16/2011,56.1,38.93,Missing
17-Apr-11,4/17/2011,58.8,48.17,Missing
18-Apr-11,4/18/2011,67.4,44.2,Missing
19-Apr-11,4/19/2011,62.53,48.43,Missing
20-Apr-11,4/20/2011,77.9,47.07,Missing
21-Apr-11,4/21/2011,56.43,37.73,Missing
22-Apr-11,4/22/2011,49.13,33.47,Missing
23-Apr-11,4/23/2011,65.27,41.97,Missing
24-Apr-11,4/24/2011,79.87,56.53,82.6
25-Apr-11,4/25/2011,81.83,61.73,85.27
26-Apr-11,4/26/2011,81.73,59.3,85.33
27-Apr-11,4/27/2011,77.7,61.27,Missing
28-Apr-11,4/28/2011,78.93,57.23,Missing
29-Apr-11,4/29/2011,66.07,49.07,Missing
30-Apr-11,4/30/2011,62.27,45.67,Missing
1-May-11,5/1/2011,67.03,46.5,Missing
2-May-11,5/2/2011,68.73,52.2,Missing
3-May-11,5/3/2011,78.2,52.07,Missing
4-May-11,5/4/2011,62.07,44.3,Missing
5-May-11,5/5/2011,62.97,39.87,Missing
6-May-11,5/6/2011,67.6,40.13,Missing
7-May-11,5/7/2011,68.9,49.63,Missing
8-May-11,5/8/2011,70.1,45.23,Missing
9-May-11,5/9/2011,67.77,48.03,Missing
10-May-11,5/10/2011,69.47,43.67,Missing
11-May-11,5/11/2011,67.33,45.57,Missing
12-May-11,5/12/2011,69.07,54.13,Missing
13-May-11,5/13/2011,66.33,54.5,Missing
14-May-11,5/14/2011,61.27,54.43,Missing
15-May-11,5/15/2011,73.97,57.5,Missing
16-May-11,5/16/2011,73.13,59.17,Missing
17-May-11,5/17/2011,67.9,58.9,Missing
18-May-11,5/18/2011,70.03,58.4,Missing
19-May-11,5/19/2011,74.17,56.1,Missing
20-May-11,5/20/2011,67.03,57.33,Missing
21-May-11,5/21/2011,76.47,53.23,Missing
22-May-11,5/22/2011,67.37,57.37,Missing
23-May-11,5/23/2011,78.33,57.03,Missing
24-May-11,5/24/2011,82.57,64.63,85.2
25-May-11,5/25/2011,81.47,63.57,84.37
26-May-11,5/26/2011,87.23,60.8,98.4
27-May-11,5/27/2011,85.23,65.17,91.9
28-May-11,5/28/2011,80.13,65.33,82.95
29-May-11,5/29/2011,84.47,64.37,91.6
30-May-11,5/30/2011,89.9,69.57,97.03
31-May-11,5/31/2011,89.3,69.93,100.07
1-Jun-11,6/1/2011,91,66.87,105.23
2-Jun-11,6/2/2011,74.4,51.4,Missing
3-Jun-11,6/3/2011,71,46.83,Missing
4-Jun-11,6/4/2011,73.4,46.43,Missing
5-Jun-11,6/5/2011,76.33,60.37,Missing
6-Jun-11,6/6/2011,80.77,57.33,82.67
7-Jun-11,6/7/2011,85.4,59.4,87.13
8-Jun-11,6/8/2011,91.8,66.4,103.67
9-Jun-11,6/9/2011,94.07,73.8,108.1
10-Jun-11,6/10/2011,87.23,69.43,91.57
11-Jun-11,6/11/2011,81.53,68.07,85.47
12-Jun-11,6/12/2011,79.9,67.1,84
13-Jun-11,6/13/2011,75.7,59.63,Missing
14-Jun-11,6/14/2011,73.6,52.6,Missing
15-Jun-11,6/15/2011,79.3,53.83,Missing
16-Jun-11,6/16/2011,78.87,58.7,Missing
17-Jun-11,6/17/2011,79.47,65.87,Missing
18-Jun-11,6/18/2011,84.37,65.4,87.63
19-Jun-11,6/19/2011,82.7,64.93,83.97
20-Jun-11,6/20/2011,79.93,62.4,81.7
21-Jun-11,6/21/2011,84.33,60.17,89.37
22-Jun-11,6/22/2011,85.47,68.67,92.87
23-Jun-11,6/23/2011,86,70.83,92.93
24-Jun-11,6/24/2011,82.47,69.53,86
25-Jun-11,6/25/2011,78.43,65.17,Missing
26-Jun-11,6/26/2011,79.07,65.53,Missing
27-Jun-11,6/27/2011,79.8,64.6,Missing
28-Jun-11,6/28/2011,82.1,66.07,86.8
29-Jun-11,6/29/2011,80.93,63.8,82.47
30-Jun-11,6/30/2011,79.93,60.5,81.1
1-Jul-11,7/1/2011,80.63,59.97,80.87
2-Jul-11,7/2/2011,84.87,62.23,85.9
3-Jul-11,7/3/2011,85.47,65.1,90.6
4-Jul-11,7/4/2011,87.73,69.83,91.7
5-Jul-11,7/5/2011,86.43,66.5,87.63
6-Jul-11,7/6/2011,89.2,68.97,96.07
7-Jul-11,7/7/2011,89.53,69.4,93.73
8-Jul-11,7/8/2011,88,71.7,95.2
9-Jul-11,7/9/2011,87.93,69.23,92.77
10-Jul-11,7/10/2011,87.1,68.43,91.9
11-Jul-11,7/11/2011,91.57,68.63,101.27
12-Jul-11,7/12/2011,93.47,74.53,101.57
13-Jul-11,7/13/2011,87.27,65.1,89.77
14-Jul-11,7/14/2011,80.47,58.9,80.73
15-Jul-11,7/15/2011,83.5,57.9,84.07
16-Jul-11,7/16/2011,85.83,60.4,86.1
17-Jul-11,7/17/2011,89,61.4,92.8
18-Jul-11,7/18/2011,93.07,67.5,100.37
19-Jul-11,7/19/2011,91.6,71.83,100.6
20-Jul-11,7/20/2011,93.37,73.33,101.53
21-Jul-11,7/21/2011,97.53,71.93,112.3
22-Jul-11,7/22/2011,100.87,77.83,118.23
23-Jul-11,7/23/2011,98.23,79.5,110.13
24-Jul-11,7/24/2011,95.1,76.33,105.03
25-Jul-11,7/25/2011,87.77,72.93,95.97
26-Jul-11,7/26/2011,91.13,71.17,93.53
27-Jul-11,7/27/2011,86.03,68.87,85.7
28-Jul-11,7/28/2011,85.87,66.37,86.27
29-Jul-11,7/29/2011,96.6,71.2,107.23
30-Jul-11,7/30/2011,91.03,71.33,92.5
31-Jul-11,7/31/2011,91.03,67.6,92.13
1-Aug-11,8/1/2011,93.33,68.4,97.13
2-Aug-11,8/2/2011,88.97,67.97,88.57
3-Aug-11,8/3/2011,84.37,63.33,85.4
4-Aug-11,8/4/2011,79.17,59.17,83.1
5-Aug-11,8/5/2011,86.77,65.43,88.37
6-Aug-11,8/6/2011,87.2,65.9,90.77
7-Aug-11,8/7/2011,89.13,72.1,95.87
8-Aug-11,8/8/2011,90.03,70.23,93.63
9-Aug-11,8/9/2011,86.77,68.83,91.4
10-Aug-11,8/10/2011,86.77,66.47,87.97
11-Aug-11,8/11/2011,82.23,60.6,81.7
12-Aug-11,8/12/2011,83.8,56.97,82.67
13-Aug-11,8/13/2011,84.97,60.7,87.23
14-Aug-11,8/14/2011,76.07,66.33,Missing
15-Aug-11,8/15/2011,77.93,64.6,Missing
16-Aug-11,8/16/2011,78.5,65.07,Missing
17-Aug-11,8/17/2011,85.53,64.77,87.87
18-Aug-11,8/18/2011,84.4,64.7,88.87
19-Aug-11,8/19/2011,84.23,68.97,87.23
20-Aug-11,8/20/2011,84.57,64.03,86.33
21-Aug-11,8/21/2011,85.33,65.6,92.4
22-Aug-11,8/22/2011,78.1,59.87,Missing
23-Aug-11,8/23/2011,77,55.13,Missing
24-Aug-11,8/24/2011,81.4,56.83,82.6
25-Aug-11,8/25/2011,81.97,67.27,86.33
26-Aug-11,8/26/2011,85.13,69.37,89.8
27-Aug-11,8/27/2011,81.23,70.93,86.3
28-Aug-11,8/28/2011,73.13,58.27,Missing
29-Aug-11,8/29/2011,76.43,55.1,Missing
30-Aug-11,8/30/2011,79.9,57.7,80.8
31-Aug-11,8/31/2011,81.13,58.83,82
1-Sep-11,9/1/2011,80.83,62.43,82.03
2-Sep-11,9/2/2011,76.1,63,Missing
3-Sep-11,9/3/2011,82.77,64.77,87.5
4-Sep-11,9/4/2011,85.97,65.87,94.5
5-Sep-11,9/5/2011,81.53,68.6,85.83
6-Sep-11,9/6/2011,73.27,65.63,Missing
7-Sep-11,9/7/2011,78.9,64.93,Missing
8-Sep-11,9/8/2011,78,69.17,Missing
9-Sep-11,9/9/2011,82.8,67.9,88.77
10-Sep-11,9/10/2011,78.63,67.77,Missing
11-Sep-11,9/11/2011,77.57,67.73,Missing
12-Sep-11,9/12/2011,79.8,65.53,82
13-Sep-11,9/13/2011,81.4,64.33,84.3
14-Sep-11,9/14/2011,84.43,64.17,89.3
15-Sep-11,9/15/2011,76.17,48.27,Missing
16-Sep-11,9/16/2011,63.3,42.87,Missing
17-Sep-11,9/17/2011,61.9,49.57,Missing
18-Sep-11,9/18/2011,66.33,49.53,Missing
19-Sep-11,9/19/2011,68.33,49.8,Missing
20-Sep-11,9/20/2011,72.03,59.3,Missing
21-Sep-11,9/21/2011,73.43,61.63,Missing
22-Sep-11,9/22/2011,79.97,65.67,83.8
23-Sep-11,9/23/2011,74.33,67.4,Missing
24-Sep-11,9/24/2011,79.83,66.63,83.6
25-Sep-11,9/25/2011,80,68.13,83.5
26-Sep-11,9/26/2011,78.73,67.1,Missing
27-Sep-11,9/27/2011,78.97,65.93,Missing
28-Sep-11,9/28/2011,75.97,62.7,Missing
29-Sep-11,9/29/2011,74.6,59.43,Missing
30-Sep-11,9/30/2011,77.4,56.03,Missing
1-Oct-11,10/1/2011,64.97,47.8,Missing
2-Oct-11,10/2/2011,57.97,44.13,Missing
3-Oct-11,10/3/2011,54.47,46.5,Missing
4-Oct-11,10/4/2011,61.8,45.07,Missing
5-Oct-11,10/5/2011,68.43,47.83,Missing
6-Oct-11,10/6/2011,63.6,42.67,Missing
7-Oct-11,10/7/2011,65.77,42.83,Missing
8-Oct-11,10/8/2011,72.03,46.53,Missing
9-Oct-11,10/9/2011,78.8,50.87,Missing
10-Oct-11,10/10/2011,80.1,55.93,81.6
11-Oct-11,10/11/2011,72.97,58.43,Missing
12-Oct-11,10/12/2011,63.6,59.1,Missing
13-Oct-11,10/13/2011,73.83,58.23,Missing
14-Oct-11,10/14/2011,71.27,53.7,Missing
15-Oct-11,10/15/2011,64.63,47.6,Missing
16-Oct-11,10/16/2011,65.8,43.67,Missing
17-Oct-11,10/17/2011,64.6,50.83,Missing
18-Oct-11,10/18/2011,69.23,49.37,Missing
19-Oct-11,10/19/2011,66.33,55.43,Missing
20-Oct-11,10/20/2011,64.07,49.8,Missing
21-Oct-11,10/21/2011,55.63,47.27,Missing
22-Oct-11,10/22/2011,58.6,45.7,Missing
23-Oct-11,10/23/2011,57.3,48.47,Missing
24-Oct-11,10/24/2011,61.23,48.3,Missing
25-Oct-11,10/25/2011,60.6,43.73,Missing
26-Oct-11,10/26/2011,64.23,44.83,Missing
27-Oct-11,10/27/2011,60.9,41.17,Missing
28-Oct-11,10/28/2011,47.73,32.5,Missing
29-Oct-11,10/29/2011,43.1,34.87,Missing
30-Oct-11,10/30/2011,47.47,29.8,Missing
31-Oct-11,10/31/2011,50.53,30.27,Missing
1-Nov-11,11/1/2011,56.43,38.73,Missing
2-Nov-11,11/2/2011,56.37,34.47,Missing
3-Nov-11,11/3/2011,58.97,36.23,Missing
4-Nov-11,11/4/2011,54.17,33.2,Missing
5-Nov-11,11/5/2011,49.17,30.57,Missing
6-Nov-11,11/6/2011,52.8,32.57,Missing
7-Nov-11,11/7/2011,58.43,34.27,Missing
8-Nov-11,11/8/2011,65.7,40.33,Missing
9-Nov-11,11/9/2011,60.83,41.13,Missing
10-Nov-11,11/10/2011,63.3,45.13,Missing
11-Nov-11,11/11/2011,46.8,36.97,Missing
12-Nov-11,11/12/2011,52.8,31.37,Missing
13-Nov-11,11/13/2011,56.57,35.57,Missing
14-Nov-11,11/14/2011,67.17,45.07,Missing
15-Nov-11,11/15/2011,65.27,54.47,Missing
16-Nov-11,11/16/2011,60.57,54.67,Missing
17-Nov-11,11/17/2011,54.67,34.63,Missing
18-Nov-11,11/18/2011,42.07,29.77,Missing
19-Nov-11,11/19/2011,49.23,30.77,Missing
20-Nov-11,11/20/2011,61.67,36.1,Missing
21-Nov-11,11/21/2011,57.1,49.4,Missing
22-Nov-11,11/22/2011,52.67,48.7,Missing
23-Nov-11,11/23/2011,62.97,38.2,Missing
24-Nov-11,11/24/2011,50.5,32.6,Missing
25-Nov-11,11/25/2011,57.1,34.9,Missing
26-Nov-11,11/26/2011,59.93,35.97,Missing
27-Nov-11,11/27/2011,61.3,37.07,Missing
28-Nov-11,11/28/2011,67.03,47.63,Missing
29-Nov-11,11/29/2011,67.4,49.43,Missing
30-Nov-11,11/30/2011,49.43,41,Missing
1-Dec-11,12/1/2011,46.47,31.6,Missing
2-Dec-11,12/2/2011,49.17,32.07,Missing
3-Dec-11,12/3/2011,44.4,30.17,Missing
4-Dec-11,12/4/2011,51.4,33.6,Missing
5-Dec-11,12/5/2011,56.53,38.47,Missing
6-Dec-11,12/6/2011,60.37,51.33,Missing
7-Dec-11,12/7/2011,60.23,44.57,Missing
8-Dec-11,12/8/2011,44.57,32.07,Missing
9-Dec-11,12/9/2011,47.6,31.2,Missing
10-Dec-11,12/10/2011,41.53,30,Missing
11-Dec-11,12/11/2011,37.23,27.53,Missing
12-Dec-11,12/12/2011,40.9,27.23,Missing
13-Dec-11,12/13/2011,43.97,26.8,Missing
14-Dec-11,12/14/2011,46.23,29.67,Missing
15-Dec-11,12/15/2011,53.43,39.7,Missing
16-Dec-11,12/16/2011,52.37,37.57,Missing
17-Dec-11,12/17/2011,38.47,32.13,Missing
18-Dec-11,12/18/2011,35,28.8,Missing
19-Dec-11,12/19/2011,46.93,30.87,Missing
20-Dec-11,12/20/2011,46.13,39.3,Missing
21-Dec-11,12/21/2011,55.2,38.87,Missing
22-Dec-11,12/22/2011,57.2,43.4,Missing
23-Dec-11,12/23/2011,50.43,38.9,Missing
24-Dec-11,12/24/2011,38.9,33.8,Missing
25-Dec-11,12/25/2011,45.17,32.4,Missing
26-Dec-11,12/26/2011,45.7,33.67,Missing
27-Dec-11,12/27/2011,52.97,32.07,Missing
28-Dec-11,12/28/2011,47,30.47,Missing
29-Dec-11,12/29/2011,37.53,26.7,Missing
30-Dec-11,12/30/2011,47.3,31.2,Missing
31-Dec-11,12/31/2011,53.97,35.93,Missing
